frame,pred_count,prey_count,total count
0,20,45,65
1,21,44,65
2,21,44,65
3,21,44,65
4,22,43,65
5,22,43,65
6,22,43,65
7,23,42,65
8,23,42,65
9,23,42,65
10,23,42,65
11,23,42,65
12,23,43,66
13,23,43,66
14,23,43,66
15,23,43,66
16,23,43,66
17,23,43,66
18,23,43,66
19,23,43,66
20,23,43,66
21,23,43,66
22,23,42,65
23,23,42,65
24,23,42,65
25,23,42,65
26,23,42,65
27,23,43,66
28,23,43,66
29,23,43,66
30,23,43,66
31,23,43,66
32,23,43,66
33,23,43,66
34,23,43,66
35,23,43,66
36,23,43,66
37,23,43,66
38,23,43,66
39,23,44,67
40,23,44,67
41,23,44,67
42,23,44,67
43,23,44,67
44,23,44,67
45,23,44,67
46,23,44,67
47,23,44,67
48,23,44,67
49,23,44,67
50,23,44,67
51,23,44,67
52,23,44,67
53,23,44,67
54,24,43,67
55,24,44,68
56,24,44,68
57,24,44,68
58,24,44,68
59,24,44,68
60,24,44,68
61,24,44,68
62,24,44,68
63,24,44,68
64,24,44,68
65,24,44,68
66,24,44,68
67,24,44,68
68,24,44,68
69,24,44,68
70,24,44,68
71,25,43,68
72,25,43,68
73,25,43,68
74,25,43,68
75,25,43,68
76,25,43,68
77,25,43,68
78,25,43,68
79,25,43,68
80,25,43,68
81,26,42,68
82,26,42,68
83,26,42,68
84,26,42,68
85,26,42,68
86,26,42,68
87,26,42,68
88,26,42,68
89,26,42,68
90,27,42,69
91,27,43,70
92,27,43,70
93,27,43,70
94,27,43,70
95,27,42,69
96,27,42,69
97,27,42,69
98,27,42,69
99,27,42,69
100,27,42,69
101,26,42,68
102,25,43,68
103,25,43,68
104,25,43,68
105,25,43,68
106,24,43,67
107,24,43,67
108,24,43,67
109,24,43,67
110,24,43,67
111,24,42,66
112,24,43,67
113,24,44,68
114,24,44,68
115,24,44,68
116,24,44,68
117,24,44,68
118,24,44,68
119,24,43,67
120,24,43,67
121,24,43,67
122,24,42,66
123,24,42,66
124,24,42,66
125,24,42,66
126,24,42,66
127,24,42,66
128,25,41,66
129,25,41,66
130,25,41,66
131,25,41,66
132,25,41,66
133,25,41,66
134,26,40,66
135,26,40,66
136,26,40,66
137,26,40,66
138,26,41,67
139,26,41,67
140,26,41,67
141,26,41,67
142,26,41,67
143,26,41,67
144,26,42,68
145,26,42,68
146,26,42,68
147,26,42,68
148,26,42,68
149,26,42,68
150,26,42,68
151,26,42,68
152,26,42,68
153,26,42,68
154,26,42,68
155,26,42,68
156,26,42,68
157,26,43,69
158,26,44,70
159,26,44,70
160,26,44,70
161,26,44,70
162,26,44,70
163,26,44,70
164,26,44,70
165,26,45,71
166,26,46,72
167,26,46,72
168,26,46,72
169,26,46,72
170,26,46,72
171,26,46,72
172,26,46,72
173,25,46,71
174,25,46,71
175,25,46,71
176,25,46,71
177,25,46,71
178,25,46,71
179,25,46,71
180,25,45,70
181,25,45,70
182,25,45,70
183,25,45,70
184,25,45,70
185,25,45,70
186,25,45,70
187,25,47,72
188,25,47,72
189,26,46,72
190,26,46,72
191,26,46,72
192,25,46,71
193,25,46,71
194,25,46,71
195,25,46,71
196,25,46,71
197,25,46,71
198,25,46,71
199,25,46,71
200,25,46,71
201,25,46,71
202,25,46,71
203,26,45,71
204,26,45,71
205,26,44,70
206,27,43,70
207,27,43,70
208,27,42,69
209,27,41,68
210,27,43,70
211,28,42,70
212,29,41,70
213,31,40,71
214,31,40,71
215,31,40,71
216,31,41,72
217,31,41,72
218,31,41,72
219,31,41,72
220,31,41,72
221,31,41,72
222,31,41,72
223,31,42,73
224,31,42,73
225,31,42,73
226,31,42,73
227,31,42,73
228,31,42,73
229,31,42,73
230,30,43,73
231,30,44,74
232,30,44,74
233,30,44,74
234,30,45,75
235,30,45,75
236,30,45,75
237,30,46,76
238,30,46,76
239,30,46,76
240,30,46,76
241,31,45,76
242,31,45,76
243,31,44,75
244,31,44,75
245,31,44,75
246,31,44,75
247,31,44,75
248,31,44,75
249,31,44,75
250,31,44,75
251,31,44,75
252,31,44,75
253,31,44,75
254,31,44,75
255,31,44,75
256,31,44,75
257,31,44,75
258,31,44,75
259,32,43,75
260,33,42,75
261,33,42,75
262,33,42,75
263,33,42,75
264,34,41,75
265,34,41,75
266,34,41,75
267,34,41,75
268,34,41,75
269,34,41,75
270,34,41,75
271,34,40,74
272,34,41,75
273,34,40,74
274,34,40,74
275,34,41,75
276,36,39,75
277,36,40,76
278,36,40,76
279,36,41,77
280,36,42,78
281,36,42,78
282,36,43,79
283,36,43,79
284,36,43,79
285,36,44,80
286,36,43,79
287,36,43,79
288,36,43,79
289,36,43,79
290,36,43,79
291,36,43,79
292,36,43,79
293,36,43,79
294,36,43,79
295,36,43,79
296,36,43,79
297,36,43,79
298,36,43,79
299,36,43,79
300,36,44,80
301,36,44,80
302,36,44,80
303,36,44,80
304,36,44,80
305,36,45,81
306,36,45,81
307,36,45,81
308,36,45,81
309,36,45,81
310,36,45,81
311,36,45,81
312,35,45,80
313,34,45,79
314,34,45,79
315,33,45,78
316,33,45,78
317,33,45,78
318,33,45,78
319,33,46,79
320,33,46,79
321,33,46,79
322,33,46,79
323,33,46,79
324,33,46,79
325,33,46,79
326,33,47,80
327,33,48,81
328,33,48,81
329,33,47,80
330,33,47,80
331,33,47,80
332,33,47,80
333,33,47,80
334,33,47,80
335,33,46,79
336,33,46,79
337,33,46,79
338,33,46,79
339,33,46,79
340,33,46,79
341,33,46,79
342,33,46,79
343,33,45,78
344,33,45,78
345,33,45,78
346,33,44,77
347,33,44,77
348,33,44,77
349,33,44,77
350,33,44,77
351,36,41,77
352,37,40,77
353,37,40,77
354,37,41,78
355,37,41,78
356,37,41,78
357,37,40,77
358,37,40,77
359,38,39,77
360,37,39,76
361,37,39,76
362,37,39,76
363,37,39,76
364,37,40,77
365,37,40,77
366,37,40,77
367,37,40,77
368,37,40,77
369,38,39,77
370,38,39,77
371,38,39,77
372,38,39,77
373,39,38,77
374,39,38,77
375,39,38,77
376,39,39,78
377,39,39,78
378,39,39,78
379,39,40,79
380,39,40,79
381,39,40,79
382,39,40,79
383,39,40,79
384,39,39,78
385,39,39,78
386,39,39,78
387,39,39,78
388,39,39,78
389,39,39,78
390,39,39,78
391,40,37,77
392,40,37,77
393,40,37,77
394,40,37,77
395,40,37,77
396,40,37,77
397,41,36,77
398,41,35,76
399,42,34,76
400,42,34,76
401,42,34,76
402,31,34,65
403,30,34,64
404,30,34,64
405,30,32,62
406,30,32,62
407,30,32,62
408,30,32,62
409,30,31,61
410,30,31,61
411,30,31,61
412,30,32,62
413,30,32,62
414,30,32,62
415,30,32,62
416,30,32,62
417,30,32,62
418,30,32,62
419,30,32,62
420,30,33,63
421,30,33,63
422,30,32,62
423,30,32,62
424,30,33,63
425,30,33,63
426,30,33,63
427,30,33,63
428,30,33,63
429,30,33,63
430,31,32,63
431,33,30,63
432,33,30,63
433,33,30,63
434,33,30,63
435,33,30,63
436,33,30,63
437,33,30,63
438,33,30,63
439,33,30,63
440,33,29,62
441,33,30,63
442,33,30,63
443,33,30,63
444,33,30,63
445,33,30,63
446,33,30,63
447,33,30,63
448,33,30,63
449,33,30,63
450,33,30,63
451,33,29,62
452,32,29,61
453,31,29,60
454,31,29,60
455,31,29,60
456,31,29,60
457,31,29,60
458,31,29,60
459,31,29,60
460,31,30,61
461,31,30,61
462,31,30,61
463,31,30,61
464,31,30,61
465,31,30,61
466,31,30,61
467,31,30,61
468,31,30,61
469,31,30,61
470,31,30,61
471,31,30,61
472,31,30,61
473,31,30,61
474,31,30,61
475,30,30,60
476,30,30,60
477,30,30,60
478,30,30,60
479,30,30,60
480,30,30,60
481,30,30,60
482,29,30,59
483,29,29,58
484,29,29,58
485,29,29,58
486,29,29,58
487,29,29,58
488,29,29,58
489,29,29,58
490,29,28,57
491,30,28,58
492,30,28,58
493,29,28,57
494,29,28,57
495,29,28,57
496,29,28,57
497,29,28,57
498,29,28,57
499,29,28,57
500,29,28,57
501,28,28,56
502,28,29,57
503,28,29,57
504,28,29,57
505,28,29,57
506,28,29,57
507,28,30,58
508,28,31,59
509,28,31,59
510,28,31,59
511,28,30,58
512,28,30,58
513,28,30,58
514,28,30,58
515,28,30,58
516,28,30,58
517,28,30,58
518,28,30,58
519,28,30,58
520,28,30,58
521,28,30,58
522,28,30,58
523,28,30,58
524,28,30,58
525,28,30,58
526,28,30,58
527,28,30,58
528,28,30,58
529,28,30,58
530,28,30,58
531,28,30,58
532,28,31,59
533,28,31,59
534,28,31,59
535,28,31,59
536,28,31,59
537,28,31,59
538,28,31,59
539,28,31,59
540,28,31,59
541,28,31,59
542,28,31,59
543,29,30,59
544,29,30,59
545,29,30,59
546,29,30,59
547,29,30,59
548,29,30,59
549,29,30,59
550,29,30,59
551,29,31,60
552,29,31,60
553,29,31,60
554,29,31,60
555,30,31,61
556,30,31,61
557,30,32,62
558,30,32,62
559,30,31,61
560,30,31,61
561,30,32,62
562,30,32,62
563,30,32,62
564,30,32,62
565,30,32,62
566,30,33,63
567,30,33,63
568,30,33,63
569,30,33,63
570,30,33,63
571,30,33,63
572,30,33,63
573,30,33,63
574,30,34,64
575,30,34,64
576,30,34,64
577,30,34,64
578,30,34,64
579,30,34,64
580,30,34,64
581,30,34,64
582,30,34,64
583,30,34,64
584,30,34,64
585,30,34,64
586,30,34,64
587,30,34,64
588,30,34,64
589,30,34,64
590,30,34,64
591,29,35,64
592,29,35,64
593,29,35,64
594,29,35,64
595,29,35,64
596,29,34,63
597,29,34,63
598,29,34,63
599,30,33,63
600,30,33,63
601,30,33,63
602,30,33,63
603,30,33,63
604,30,33,63
605,29,33,62
606,29,32,61
607,29,32,61
608,29,32,61
609,29,32,61
610,29,32,61
611,29,32,61
612,29,31,60
613,29,32,61
614,30,31,61
615,29,32,61
616,29,32,61
617,29,32,61
618,29,32,61
619,29,29,58
620,30,28,58
621,30,28,58
622,30,28,58
623,30,28,58
624,31,27,58
625,31,29,60
626,31,29,60
627,31,29,60
628,31,29,60
629,31,29,60
630,31,29,60
631,31,29,60
632,31,29,60
633,31,30,61
634,31,30,61
635,31,30,61
636,31,30,61
637,31,30,61
638,31,30,61
639,31,30,61
640,31,30,61
641,31,30,61
642,31,30,61
643,30,30,60
644,30,30,60
645,29,30,59
646,29,30,59
647,29,30,59
648,29,30,59
649,29,30,59
650,29,30,59
651,29,30,59
652,29,30,59
653,29,30,59
654,29,30,59
655,29,30,59
656,29,31,60
657,29,31,60
658,29,31,60
659,29,31,60
660,29,31,60
661,29,31,60
662,28,31,59
663,28,31,59
664,28,31,59
665,28,31,59
666,27,31,58
667,27,31,58
668,27,31,58
669,27,31,58
670,27,31,58
671,27,31,58
672,27,31,58
673,27,31,58
674,28,30,58
675,28,30,58
676,28,30,58
677,28,30,58
678,26,30,56
679,26,31,57
680,26,31,57
681,26,31,57
682,26,32,58
683,27,31,58
684,27,31,58
685,27,31,58
686,27,31,58
687,28,30,58
688,28,30,58
689,28,30,58
690,28,29,57
691,28,29,57
692,28,29,57
693,28,28,56
694,28,28,56
695,28,28,56
696,28,28,56
697,28,28,56
698,28,27,55
699,28,27,55
700,28,27,55
701,27,27,54
702,21,27,48
703,21,27,48
704,22,28,50
705,22,28,50
706,22,29,51
707,22,29,51
708,22,29,51
709,21,29,50
710,21,29,50
711,21,29,50
712,21,29,50
713,21,29,50
714,21,29,50
715,21,29,50
716,21,29,50
717,21,29,50
718,21,29,50
719,21,29,50
720,21,29,50
721,21,29,50
722,21,29,50
723,21,29,50
724,21,29,50
725,21,29,50
726,21,29,50
727,21,29,50
728,21,29,50
729,21,30,51
730,21,30,51
731,21,30,51
732,21,30,51
733,21,29,50
734,21,29,50
735,21,29,50
736,21,29,50
737,21,29,50
738,21,29,50
739,21,29,50
740,21,29,50
741,21,29,50
742,21,29,50
743,21,29,50
744,21,29,50
745,21,30,51
746,21,30,51
747,21,30,51
748,21,30,51
749,21,30,51
750,21,30,51
751,21,30,51
752,21,30,51
753,20,30,50
754,20,30,50
755,20,30,50
756,21,29,50
757,21,29,50
758,21,28,49
759,21,28,49
760,21,29,50
761,21,29,50
762,21,29,50
763,21,29,50
764,21,29,50
765,21,29,50
766,21,29,50
767,21,29,50
768,21,29,50
769,21,29,50
770,21,29,50
771,20,28,48
772,20,28,48
773,20,28,48
774,20,28,48
775,20,28,48
776,19,28,47
777,19,28,47
778,19,28,47
779,19,28,47
780,19,28,47
781,19,28,47
782,19,28,47
783,19,28,47
784,19,29,48
785,19,29,48
786,19,30,49
787,19,30,49
788,19,30,49
789,19,30,49
790,19,30,49
791,19,30,49
792,19,30,49
793,19,30,49
794,19,30,49
795,19,30,49
796,19,30,49
797,19,30,49
798,19,30,49
799,18,30,48
800,18,30,48
801,18,30,48
802,18,30,48
803,18,30,48
804,18,30,48
805,18,30,48
806,18,30,48
807,18,30,48
808,18,31,49
809,18,31,49
810,18,31,49
811,18,31,49
812,18,31,49
813,18,31,49
814,18,31,49
815,18,31,49
816,18,31,49
817,18,31,49
818,18,31,49
819,18,31,49
820,18,31,49
821,18,31,49
822,18,31,49
823,18,30,48
824,18,30,48
825,18,30,48
826,18,30,48
827,18,30,48
828,18,30,48
829,18,30,48
830,18,30,48
831,18,30,48
832,18,31,49
833,17,31,48
834,17,31,48
835,17,31,48
836,17,31,48
837,17,31,48
838,17,31,48
839,17,31,48
840,17,31,48
841,17,31,48
842,17,32,49
843,17,33,50
844,17,33,50
845,17,33,50
846,17,33,50
847,17,33,50
848,17,33,50
849,17,32,49
850,17,32,49
851,17,32,49
852,17,32,49
853,17,31,48
854,17,31,48
855,17,31,48
856,17,31,48
857,17,31,48
858,17,31,48
859,17,31,48
860,17,31,48
861,17,31,48
862,17,31,48
863,17,31,48
864,17,31,48
865,17,31,48
866,17,31,48
867,17,31,48
868,17,30,47
869,17,30,47
870,17,30,47
871,17,30,47
872,17,30,47
873,18,29,47
874,18,29,47
875,18,29,47
876,18,29,47
877,18,29,47
878,18,29,47
879,18,29,47
880,18,29,47
881,18,29,47
882,18,29,47
883,18,29,47
884,18,29,47
885,18,29,47
886,18,29,47
887,18,29,47
888,18,29,47
889,18,29,47
890,18,29,47
891,18,28,46
892,18,28,46
893,18,28,46
894,18,28,46
895,18,28,46
896,18,28,46
897,18,28,46
898,18,28,46
899,18,28,46
900,18,27,45
901,18,27,45
902,18,27,45
903,18,27,45
904,18,27,45
905,18,27,45
906,18,27,45
907,18,27,45
908,18,27,45
909,18,27,45
910,18,28,46
911,18,28,46
912,18,28,46
913,18,28,46
914,18,29,47
915,18,29,47
916,18,29,47
917,18,29,47
918,18,29,47
919,18,29,47
920,18,29,47
921,18,29,47
922,18,29,47
923,18,29,47
924,18,30,48
925,18,30,48
926,18,30,48
927,18,30,48
928,18,30,48
929,18,30,48
930,18,30,48
931,18,30,48
932,18,29,47
933,18,29,47
934,18,29,47
935,18,29,47
936,18,29,47
937,19,28,47
938,19,28,47
939,20,28,48
940,21,27,48
941,21,26,47
942,21,26,47
943,21,26,47
944,21,26,47
945,21,27,48
946,21,27,48
947,21,27,48
948,21,27,48
949,21,27,48
950,21,27,48
951,21,27,48
952,21,27,48
953,21,27,48
954,21,27,48
955,21,27,48
956,21,27,48
957,20,27,47
958,20,27,47
959,20,27,47
960,20,27,47
961,20,26,46
962,20,26,46
963,20,26,46
964,20,26,46
965,20,26,46
966,20,26,46
967,21,25,46
968,21,25,46
969,21,25,46
970,21,25,46
971,21,25,46
972,21,25,46
973,21,25,46
974,21,25,46
975,20,25,45
976,20,25,45
977,20,25,45
978,20,25,45
979,20,25,45
980,20,25,45
981,20,25,45
982,20,25,45
983,20,25,45
984,20,25,45
985,20,25,45
986,20,25,45
987,20,25,45
988,20,25,45
989,20,26,46
990,20,26,46
991,20,26,46
992,20,26,46
993,20,26,46
994,20,25,45
995,20,25,45
996,20,24,44
997,20,24,44
998,21,23,44
999,21,23,44
1000,21,23,44
1001,21,23,44
1002,21,23,44
1003,21,24,45
1004,21,23,44
1005,22,22,44
1006,22,22,44
1007,22,22,44
1008,22,22,44
1009,22,22,44
1010,22,22,44
1011,22,22,44
1012,22,22,44
1013,22,22,44
1014,22,22,44
1015,22,22,44
1016,22,22,44
1017,22,22,44
1018,22,22,44
1019,22,22,44
1020,22,22,44
1021,22,22,44
1022,22,22,44
1023,22,22,44
1024,22,22,44
1025,22,22,44
1026,21,22,43
1027,21,22,43
1028,21,22,43
1029,21,22,43
1030,21,22,43
1031,21,22,43
1032,21,22,43
1033,21,22,43
1034,21,22,43
1035,21,22,43
1036,21,22,43
1037,21,22,43
1038,21,22,43
1039,21,22,43
1040,21,22,43
1041,20,22,42
1042,20,22,42
1043,20,21,41
1044,20,21,41
1045,20,21,41
1046,20,22,42
1047,20,22,42
1048,20,22,42
1049,20,21,41
1050,20,21,41
1051,20,21,41
1052,20,21,41
1053,19,21,40
1054,19,21,40
1055,19,21,40
1056,19,21,40
1057,19,21,40
1058,19,21,40
1059,19,21,40
1060,19,21,40
1061,19,21,40
1062,19,21,40
1063,19,21,40
1064,19,21,40
1065,19,21,40
1066,19,21,40
1067,19,22,41
1068,19,22,41
1069,19,22,41
1070,19,22,41
1071,19,22,41
1072,19,22,41
1073,19,22,41
1074,19,23,42
1075,19,23,42
1076,19,23,42
1077,19,24,43
1078,19,24,43
1079,19,25,44
1080,19,25,44
1081,19,25,44
1082,19,25,44
1083,19,25,44
1084,19,25,44
1085,19,25,44
1086,19,25,44
1087,19,25,44
1088,19,25,44
1089,19,25,44
1090,19,25,44
1091,19,25,44
1092,19,25,44
1093,19,26,45
1094,19,26,45
1095,19,26,45
1096,19,26,45
1097,19,26,45
1098,19,26,45
1099,19,26,45
1100,19,25,44
1101,19,25,44
1102,19,25,44
1103,19,25,44
1104,19,25,44
1105,19,25,44
1106,18,25,43
1107,18,25,43
1108,18,25,43
1109,18,25,43
1110,18,25,43
1111,18,25,43
1112,18,25,43
1113,18,25,43
1114,18,25,43
1115,18,25,43
1116,18,25,43
1117,18,26,44
1118,18,26,44
1119,18,26,44
1120,18,26,44
1121,18,27,45
1122,18,27,45
1123,18,27,45
1124,18,27,45
1125,18,27,45
1126,18,27,45
1127,18,27,45
1128,18,27,45
1129,18,27,45
1130,18,27,45
1131,18,27,45
1132,18,27,45
1133,17,27,44
1134,17,27,44
1135,17,28,45
1136,16,28,44
1137,16,28,44
1138,16,28,44
1139,16,28,44
1140,16,28,44
1141,16,28,44
1142,16,28,44
1143,16,28,44
1144,16,28,44
1145,16,29,45
1146,16,29,45
1147,16,29,45
1148,16,29,45
1149,16,29,45
1150,16,29,45
1151,16,29,45
1152,16,29,45
1153,16,29,45
1154,16,29,45
1155,16,30,46
1156,16,30,46
1157,16,30,46
1158,15,29,44
1159,15,29,44
1160,15,30,45
1161,15,30,45
1162,15,30,45
1163,15,30,45
1164,15,30,45
1165,15,30,45
1166,15,30,45
1167,15,30,45
1168,15,30,45
1169,15,31,46
1170,15,31,46
1171,15,31,46
1172,15,32,47
1173,15,32,47
1174,15,32,47
1175,15,32,47
1176,15,32,47
1177,15,32,47
1178,15,32,47
1179,15,32,47
1180,15,32,47
1181,15,32,47
1182,15,32,47
1183,15,32,47
1184,15,32,47
1185,15,31,46
1186,15,31,46
1187,15,31,46
1188,15,31,46
1189,15,31,46
1190,15,31,46
1191,15,31,46
1192,15,31,46
1193,15,31,46
1194,15,32,47
1195,15,32,47
1196,15,32,47
1197,15,32,47
1198,15,32,47
1199,15,32,47
1200,15,32,47
1201,15,32,47
1202,15,32,47
1203,15,32,47
1204,15,32,47
1205,15,32,47
1206,15,32,47
1207,16,31,47
1208,15,31,46
1209,15,31,46
1210,15,31,46
1211,15,31,46
1212,15,31,46
1213,15,31,46
1214,15,31,46
1215,15,31,46
1216,15,31,46
1217,15,30,45
1218,15,30,45
1219,15,30,45
1220,15,30,45
1221,15,29,44
1222,15,29,44
1223,15,29,44
1224,15,29,44
1225,15,29,44
1226,15,29,44
1227,16,29,45
1228,16,30,46
1229,16,30,46
1230,16,30,46
1231,16,30,46
1232,16,30,46
1233,16,30,46
1234,16,30,46
1235,16,30,46
1236,16,30,46
1237,17,29,46
1238,17,29,46
1239,17,29,46
1240,17,29,46
1241,17,29,46
1242,17,28,45
1243,17,28,45
1244,17,28,45
1245,17,28,45
1246,18,27,45
1247,18,27,45
1248,18,27,45
1249,18,27,45
1250,18,27,45
1251,18,28,46
1252,18,28,46
1253,18,28,46
1254,18,28,46
1255,18,28,46
1256,18,28,46
1257,18,28,46
1258,18,28,46
1259,18,28,46
1260,18,28,46
1261,18,28,46
1262,18,28,46
1263,18,28,46
1264,18,28,46
1265,18,28,46
1266,18,28,46
1267,18,28,46
1268,18,28,46
1269,18,28,46
1270,18,28,46
1271,18,28,46
1272,18,28,46
1273,18,28,46
1274,18,28,46
1275,18,28,46
1276,18,28,46
1277,18,28,46
1278,18,28,46
1279,18,28,46
1280,18,29,47
1281,18,29,47
1282,18,28,46
1283,18,28,46
1284,18,28,46
1285,18,28,46
1286,19,27,46
1287,19,27,46
1288,19,27,46
1289,19,27,46
1290,19,27,46
1291,19,27,46
1292,19,28,47
1293,19,28,47
1294,19,28,47
1295,19,28,47
1296,19,28,47
1297,19,28,47
1298,19,28,47
1299,19,28,47
1300,19,28,47
1301,19,28,47
1302,18,28,46
1303,18,28,46
1304,18,28,46
1305,18,27,45
1306,18,27,45
1307,18,27,45
1308,18,27,45
1309,18,27,45
1310,19,26,45
1311,19,26,45
1312,19,26,45
1313,19,26,45
1314,19,27,46
1315,19,27,46
1316,18,27,45
1317,18,27,45
1318,18,27,45
1319,18,27,45
1320,18,27,45
1321,18,27,45
1322,17,27,44
1323,17,27,44
1324,18,26,44
1325,18,26,44
1326,18,26,44
1327,18,26,44
1328,18,26,44
1329,18,26,44
1330,18,26,44
1331,18,26,44
1332,18,26,44
1333,19,25,44
1334,19,25,44
1335,19,25,44
1336,19,25,44
1337,19,25,44
1338,19,24,43
1339,18,24,42
1340,18,24,42
1341,18,24,42
1342,17,24,41
1343,17,24,41
1344,17,24,41
1345,17,24,41
1346,17,24,41
1347,17,24,41
1348,17,24,41
1349,17,24,41
1350,17,24,41
1351,17,24,41
1352,17,24,41
1353,17,24,41
1354,17,24,41
1355,17,24,41
1356,16,24,40
1357,16,24,40
1358,16,24,40
1359,16,24,40
1360,16,24,40
1361,15,24,39
1362,15,24,39
1363,15,24,39
1364,15,24,39
1365,15,24,39
1366,15,24,39
1367,15,24,39
1368,15,24,39
1369,14,24,38
1370,14,24,38
1371,14,24,38
1372,14,24,38
1373,14,25,39
1374,14,25,39
1375,14,26,40
1376,14,26,40
1377,14,26,40
1378,14,26,40
1379,14,26,40
1380,14,26,40
1381,14,26,40
1382,14,26,40
1383,14,25,39
1384,14,25,39
1385,14,25,39
1386,14,25,39
1387,14,25,39
1388,14,25,39
1389,14,25,39
1390,14,25,39
1391,14,25,39
1392,14,25,39
1393,14,25,39
1394,14,25,39
1395,14,25,39
1396,14,25,39
1397,14,25,39
1398,14,25,39
1399,14,25,39
1400,14,24,38
1401,14,25,39
1402,14,24,38
1403,14,24,38
1404,14,24,38
1405,14,24,38
1406,14,24,38
1407,14,24,38
1408,14,24,38
1409,14,24,38
1410,14,24,38
1411,14,24,38
1412,14,24,38
1413,14,24,38
1414,14,24,38
1415,14,24,38
1416,14,24,38
1417,14,24,38
1418,14,24,38
1419,14,24,38
1420,14,24,38
1421,14,24,38
1422,14,24,38
1423,14,24,38
1424,14,24,38
1425,13,24,37
1426,13,24,37
1427,13,24,37
1428,13,24,37
1429,13,24,37
1430,13,23,36
1431,13,24,37
1432,12,24,36
1433,12,25,37
1434,12,25,37
1435,12,25,37
1436,12,26,38
1437,12,26,38
1438,12,26,38
1439,12,26,38
1440,12,26,38
1441,12,25,37
1442,12,26,38
1443,12,26,38
1444,12,26,38
1445,12,26,38
1446,12,26,38
1447,12,26,38
1448,12,26,38
1449,12,26,38
1450,12,26,38
1451,12,26,38
1452,12,26,38
1453,12,26,38
1454,12,26,38
1455,12,26,38
1456,12,26,38
1457,12,26,38
1458,12,26,38
1459,12,26,38
1460,12,26,38
1461,12,26,38
1462,12,26,38
1463,12,26,38
1464,12,26,38
1465,12,26,38
1466,12,26,38
1467,12,26,38
1468,12,26,38
1469,12,27,39
1470,12,27,39
1471,12,27,39
1472,12,27,39
1473,12,27,39
1474,12,27,39
1475,12,27,39
1476,12,27,39
1477,12,27,39
1478,12,28,40
1479,12,28,40
1480,12,28,40
1481,12,28,40
1482,12,28,40
1483,12,28,40
1484,12,28,40
1485,12,28,40
1486,12,28,40
1487,13,27,40
1488,13,27,40
1489,13,27,40
1490,13,27,40
1491,13,27,40
1492,13,27,40
1493,12,27,39
1494,12,27,39
1495,12,27,39
1496,12,27,39
1497,12,28,40
1498,12,28,40
1499,12,28,40
1500,12,28,40
1501,12,28,40
1502,12,28,40
1503,12,28,40
1504,12,28,40
1505,12,28,40
1506,12,28,40
1507,12,27,39
1508,12,27,39
1509,12,27,39
1510,12,28,40
1511,12,28,40
1512,12,28,40
1513,12,28,40
1514,12,28,40
1515,12,28,40
1516,12,28,40
1517,12,28,40
1518,12,27,39
1519,12,27,39
1520,12,27,39
1521,12,27,39
1522,12,28,40
1523,13,27,40
1524,13,27,40
1525,14,26,40
1526,15,25,40
1527,15,25,40
1528,16,24,40
1529,16,24,40
1530,16,24,40
1531,16,24,40
1532,16,24,40
1533,16,24,40
1534,16,24,40
1535,16,24,40
1536,16,24,40
1537,16,24,40
1538,16,23,39
1539,16,23,39
1540,16,23,39
1541,16,23,39
1542,16,23,39
1543,16,23,39
1544,16,23,39
1545,16,23,39
1546,16,23,39
1547,16,23,39
1548,16,23,39
1549,16,23,39
1550,16,23,39
1551,16,23,39
1552,16,23,39
1553,16,23,39
1554,16,23,39
1555,16,23,39
1556,16,23,39
1557,16,23,39
1558,16,23,39
1559,16,23,39
1560,16,23,39
1561,16,24,40
1562,16,24,40
1563,16,24,40
1564,16,24,40
1565,16,24,40
1566,16,24,40
1567,16,24,40
1568,16,24,40
1569,16,24,40
1570,16,24,40
1571,16,24,40
1572,16,24,40
1573,16,24,40
1574,16,24,40
1575,16,24,40
1576,16,24,40
1577,16,24,40
1578,16,24,40
1579,16,24,40
1580,16,24,40
1581,16,24,40
1582,16,24,40
1583,16,24,40
1584,16,24,40
1585,16,24,40
1586,16,24,40
1587,16,24,40
1588,16,24,40
1589,15,24,39
1590,15,24,39
1591,15,24,39
1592,15,24,39
1593,15,24,39
1594,15,24,39
1595,15,24,39
1596,15,24,39
1597,15,24,39
1598,15,24,39
1599,15,24,39
1600,15,24,39
1601,15,24,39
1602,15,24,39
1603,15,25,40
1604,15,25,40
1605,15,25,40
1606,15,25,40
1607,15,25,40
1608,15,25,40
1609,15,25,40
1610,15,26,41
1611,15,26,41
1612,15,27,42
1613,15,27,42
1614,15,26,41
1615,15,26,41
1616,15,26,41
1617,15,26,41
1618,15,26,41
1619,15,26,41
1620,15,26,41
1621,15,26,41
1622,15,27,42
1623,15,27,42
1624,14,27,41
1625,14,27,41
1626,14,27,41
1627,13,27,40
1628,13,27,40
1629,12,27,39
1630,12,27,39
1631,12,27,39
1632,12,27,39
1633,12,27,39
1634,12,27,39
1635,12,27,39
1636,12,27,39
1637,12,28,40
1638,13,27,40
1639,12,27,39
1640,12,27,39
1641,12,27,39
1642,12,27,39
1643,12,27,39
1644,12,27,39
1645,12,27,39
1646,12,27,39
1647,12,27,39
1648,12,27,39
1649,12,27,39
1650,12,27,39
1651,12,27,39
1652,12,27,39
1653,12,27,39
1654,12,27,39
1655,12,29,41
1656,12,29,41
1657,12,29,41
1658,12,29,41
1659,12,29,41
1660,12,29,41
1661,12,29,41
1662,12,29,41
1663,12,29,41
1664,12,29,41
1665,12,29,41
1666,12,29,41
1667,12,29,41
1668,12,29,41
1669,12,29,41
1670,12,29,41
1671,12,29,41
1672,12,29,41
1673,12,28,40
1674,12,28,40
1675,12,28,40
1676,12,28,40
1677,12,28,40
1678,12,28,40
1679,12,28,40
1680,12,28,40
1681,12,28,40
1682,12,28,40
1683,12,28,40
1684,12,29,41
1685,11,29,40
1686,11,29,40
1687,11,29,40
1688,11,29,40
1689,11,30,41
1690,11,30,41
1691,11,30,41
1692,11,30,41
1693,11,30,41
1694,11,30,41
1695,11,30,41
1696,11,30,41
1697,11,30,41
1698,11,30,41
1699,11,30,41
1700,11,30,41
1701,11,30,41
1702,11,30,41
1703,11,30,41
1704,11,30,41
1705,11,30,41
1706,11,30,41
1707,10,30,40
1708,10,30,40
1709,10,30,40
1710,10,30,40
1711,10,30,40
1712,10,30,40
1713,10,30,40
1714,10,30,40
1715,10,30,40
1716,10,30,40
1717,10,30,40
1718,10,30,40
1719,10,30,40
1720,10,30,40
1721,10,30,40
1722,10,30,40
1723,10,30,40
1724,10,30,40
1725,10,30,40
1726,10,30,40
1727,10,30,40
1728,10,30,40
1729,10,30,40
1730,10,29,39
1731,10,29,39
1732,10,29,39
1733,10,29,39
1734,10,29,39
1735,9,29,38
1736,9,30,39
1737,9,30,39
1738,9,31,40
1739,9,31,40
1740,9,31,40
1741,9,31,40
1742,9,31,40
1743,9,31,40
1744,9,31,40
1745,9,31,40
1746,9,31,40
1747,9,31,40
1748,9,31,40
1749,9,31,40
1750,9,31,40
1751,9,33,42
1752,9,33,42
1753,9,33,42
1754,9,34,43
1755,9,34,43
1756,9,34,43
1757,9,34,43
1758,9,34,43
1759,9,34,43
1760,9,34,43
1761,9,34,43
1762,9,34,43
1763,9,34,43
1764,9,34,43
1765,9,34,43
1766,9,34,43
1767,9,34,43
1768,9,34,43
1769,9,34,43
1770,9,34,43
1771,9,34,43
1772,9,34,43
1773,9,34,43
1774,9,34,43
1775,9,34,43
1776,9,34,43
1777,9,34,43
1778,9,34,43
1779,9,34,43
1780,9,34,43
1781,9,35,44
1782,9,35,44
1783,9,35,44
1784,9,35,44
1785,9,35,44
1786,9,35,44
1787,9,35,44
1788,9,35,44
1789,9,35,44
1790,9,35,44
1791,9,35,44
1792,9,35,44
1793,9,35,44
1794,9,35,44
1795,9,35,44
1796,10,34,44
1797,10,34,44
1798,10,34,44
1799,10,34,44
1800,10,34,44
1801,10,35,45
1802,10,35,45
1803,10,35,45
1804,10,35,45
1805,10,35,45
1806,10,35,45
1807,10,35,45
1808,10,34,44
1809,11,33,44
1810,11,33,44
1811,11,33,44
1812,11,33,44
1813,11,33,44
1814,11,33,44
1815,11,33,44
1816,11,33,44
1817,11,33,44
1818,11,33,44
1819,11,34,45
1820,11,34,45
1821,11,34,45
1822,11,34,45
1823,11,34,45
1824,11,34,45
1825,11,34,45
1826,11,34,45
1827,11,34,45
1828,11,34,45
1829,11,34,45
1830,11,35,46
1831,11,35,46
1832,11,35,46
1833,11,35,46
1834,11,35,46
1835,11,36,47
1836,11,36,47
1837,11,36,47
1838,11,36,47
1839,11,36,47
1840,11,36,47
1841,11,36,47
1842,11,36,47
1843,11,36,47
1844,11,36,47
1845,11,36,47
1846,11,36,47
1847,11,36,47
1848,11,36,47
1849,11,36,47
1850,11,36,47
1851,11,36,47
1852,11,36,47
1853,11,36,47
1854,11,35,46
1855,11,36,47
1856,11,36,47
1857,11,36,47
1858,11,37,48
1859,11,37,48
1860,11,37,48
1861,11,37,48
1862,11,37,48
1863,12,37,49
1864,12,37,49
1865,12,37,49
1866,12,37,49
1867,12,37,49
1868,12,37,49
1869,12,36,48
1870,12,36,48
1871,12,36,48
1872,12,36,48
1873,12,37,49
1874,12,37,49
1875,12,38,50
1876,12,38,50
1877,12,38,50
1878,12,38,50
1879,12,38,50
1880,12,38,50
1881,12,38,50
1882,12,38,50
1883,12,38,50
1884,12,38,50
1885,12,38,50
1886,12,38,50
1887,12,38,50
1888,12,38,50
1889,12,37,49
1890,12,37,49
1891,12,37,49
1892,12,37,49
1893,12,37,49
1894,12,37,49
1895,12,37,49
1896,12,37,49
1897,12,38,50
1898,12,38,50
1899,12,38,50
1900,12,38,50
1901,12,38,50
1902,12,38,50
1903,12,38,50
1904,12,38,50
1905,12,38,50
1906,12,38,50
1907,12,38,50
1908,12,38,50
1909,11,39,50
1910,11,39,50
1911,11,40,51
1912,11,41,52
1913,11,41,52
1914,11,41,52
1915,11,41,52
1916,11,41,52
1917,11,42,53
1918,11,42,53
1919,11,43,54
1920,11,43,54
1921,11,43,54
1922,11,43,54
1923,11,43,54
1924,11,43,54
1925,11,43,54
1926,11,43,54
1927,11,43,54
1928,11,43,54
1929,11,43,54
1930,11,43,54
1931,11,43,54
1932,11,43,54
1933,11,44,55
1934,11,44,55
1935,11,44,55
1936,11,44,55
1937,11,44,55
1938,11,45,56
1939,11,46,57
1940,11,46,57
1941,11,45,56
1942,11,45,56
1943,11,45,56
1944,11,45,56
1945,11,45,56
1946,11,45,56
1947,11,45,56
1948,11,45,56
1949,11,45,56
1950,11,45,56
1951,11,45,56
1952,11,45,56
1953,11,45,56
1954,11,45,56
1955,11,45,56
1956,11,45,56
1957,11,45,56
1958,11,45,56
1959,11,45,56
1960,11,45,56
1961,11,45,56
1962,11,45,56
1963,11,45,56
1964,11,45,56
1965,11,45,56
1966,11,45,56
1967,11,46,57
1968,11,46,57
1969,11,47,58
1970,11,47,58
1971,11,47,58
1972,11,47,58
1973,11,47,58
1974,11,47,58
1975,11,47,58
1976,11,47,58
1977,11,47,58
1978,11,47,58
1979,11,47,58
1980,11,47,58
1981,11,47,58
1982,11,47,58
1983,11,47,58
1984,11,47,58
1985,11,47,58
1986,11,47,58
1987,11,47,58
1988,10,47,57
1989,10,47,57
1990,10,48,58
1991,10,48,58
1992,10,48,58
1993,10,48,58
1994,10,48,58
1995,10,48,58
1996,10,48,58
1997,10,48,58
1998,10,48,58
1999,10,48,58
2000,10,48,58
2001,10,48,58
2002,10,48,58
2003,10,48,58
2004,10,48,58
2005,10,48,58
2006,10,48,58
2007,10,48,58
2008,10,48,58
2009,10,48,58
2010,10,48,58
2011,10,47,57
2012,9,47,56
2013,9,47,56
2014,9,47,56
2015,9,48,57
2016,9,48,57
2017,9,48,57
2018,9,48,57
2019,9,48,57
2020,9,48,57
2021,9,48,57
2022,9,48,57
2023,9,49,58
2024,9,49,58
2025,9,50,59
2026,9,50,59
2027,9,50,59
2028,9,50,59
2029,9,50,59
2030,9,50,59
2031,9,49,58
2032,9,49,58
2033,9,50,59
2034,9,50,59
2035,9,50,59
2036,9,50,59
2037,9,50,59
2038,10,49,59
2039,10,49,59
2040,9,49,58
2041,9,49,58
2042,9,49,58
2043,9,49,58
2044,9,49,58
2045,9,49,58
2046,9,49,58
2047,9,49,58
2048,9,49,58
2049,9,49,58
2050,9,49,58
2051,9,49,58
2052,9,49,58
2053,9,49,58
2054,10,48,58
2055,10,48,58
2056,10,47,57
2057,10,47,57
2058,11,46,57
2059,11,46,57
2060,11,46,57
2061,11,46,57
2062,11,46,57
2063,11,46,57
2064,11,46,57
2065,11,46,57
2066,11,46,57
2067,11,46,57
2068,11,47,58
2069,12,46,58
2070,12,46,58
2071,12,46,58
2072,12,46,58
2073,12,46,58
2074,12,46,58
2075,12,46,58
2076,12,46,58
2077,12,46,58
2078,12,46,58
2079,12,46,58
2080,12,46,58
2081,12,46,58
2082,12,46,58
2083,12,46,58
2084,12,46,58
2085,12,46,58
2086,12,46,58
2087,12,45,57
2088,12,45,57
2089,12,45,57
2090,12,45,57
2091,12,45,57
2092,12,45,57
2093,12,45,57
2094,12,45,57
2095,12,45,57
2096,12,45,57
2097,12,44,56
2098,12,45,57
2099,12,45,57
2100,12,45,57
2101,12,45,57
2102,12,45,57
2103,12,45,57
2104,12,45,57
2105,12,45,57
2106,12,45,57
2107,12,45,57
2108,12,45,57
2109,12,45,57
2110,12,45,57
2111,12,46,58
2112,12,46,58
2113,12,46,58
2114,12,46,58
2115,12,46,58
2116,12,46,58
2117,12,46,58
2118,12,46,58
2119,12,46,58
2120,12,47,59
2121,12,47,59
2122,12,47,59
2123,12,47,59
2124,12,47,59
2125,12,47,59
2126,12,47,59
2127,12,47,59
2128,12,47,59
2129,12,47,59
2130,12,48,60
2131,12,48,60
2132,12,49,61
2133,12,49,61
2134,12,49,61
2135,12,49,61
2136,12,49,61
2137,12,49,61
2138,12,49,61
2139,12,49,61
2140,12,49,61
2141,12,49,61
2142,12,49,61
2143,13,48,61
2144,14,47,61
2145,14,48,62
2146,14,48,62
2147,14,48,62
2148,14,48,62
2149,14,48,62
2150,14,48,62
2151,14,48,62
2152,14,48,62
2153,14,48,62
2154,14,48,62
2155,13,48,61
2156,13,48,61
2157,13,48,61
2158,13,48,61
2159,13,48,61
2160,13,48,61
2161,13,48,61
2162,13,48,61
2163,13,48,61
2164,13,48,61
2165,13,48,61
2166,13,49,62
2167,13,50,63
2168,13,50,63
2169,13,50,63
2170,13,50,63
2171,13,50,63
2172,13,50,63
2173,13,50,63
2174,13,50,63
2175,13,50,63
2176,13,50,63
2177,13,50,63
2178,13,50,63
2179,13,50,63
2180,13,49,62
2181,13,49,62
2182,13,49,62
2183,13,49,62
2184,13,50,63
2185,14,49,63
2186,14,50,64
2187,14,50,64
2188,14,51,65
2189,14,51,65
2190,14,51,65
2191,14,51,65
2192,14,51,65
2193,14,51,65
2194,14,51,65
2195,14,50,64
2196,14,50,64
2197,14,50,64
2198,14,51,65
2199,14,51,65
2200,14,51,65
2201,14,51,65
2202,14,51,65
2203,14,51,65
2204,14,51,65
2205,14,51,65
2206,14,51,65
2207,14,50,64
2208,14,50,64
2209,14,50,64
2210,14,50,64
2211,14,49,63
2212,14,49,63
2213,14,49,63
2214,14,49,63
2215,14,50,64
2216,14,50,64
2217,14,50,64
2218,14,50,64
2219,14,50,64
2220,14,50,64
2221,14,50,64
2222,14,50,64
2223,14,50,64
2224,14,50,64
2225,14,50,64
2226,14,50,64
2227,14,50,64
2228,14,50,64
2229,14,50,64
2230,13,50,63
2231,13,50,63
2232,13,50,63
2233,13,50,63
2234,13,50,63
2235,14,49,63
2236,14,49,63
2237,14,49,63
2238,14,49,63
2239,14,49,63
2240,14,49,63
2241,14,49,63
2242,14,49,63
2243,14,49,63
2244,13,49,62
2245,13,50,63
2246,13,50,63
2247,13,50,63
2248,12,50,62
2249,12,50,62
2250,12,50,62
2251,12,51,63
2252,12,51,63
2253,12,51,63
2254,12,51,63
2255,12,51,63
2256,12,51,63
2257,12,51,63
2258,12,51,63
2259,12,51,63
2260,12,51,63
2261,12,52,64
2262,12,52,64
2263,12,52,64
2264,12,51,63
2265,11,51,62
2266,11,50,61
2267,11,50,61
2268,11,50,61
2269,11,50,61
2270,11,52,63
2271,11,52,63
2272,11,52,63
2273,11,52,63
2274,11,52,63
2275,11,52,63
2276,11,52,63
2277,11,52,63
2278,11,52,63
2279,11,52,63
2280,11,52,63
2281,11,52,63
2282,11,52,63
2283,11,52,63
2284,11,52,63
2285,11,52,63
2286,11,52,63
2287,11,52,63
2288,11,52,63
2289,11,52,63
2290,11,52,63
2291,11,52,63
2292,11,53,64
2293,11,53,64
2294,11,54,65
2295,11,54,65
2296,11,54,65
2297,11,54,65
2298,11,54,65
2299,11,54,65
2300,10,54,64
2301,10,54,64
2302,10,55,65
2303,10,55,65
2304,10,55,65
2305,10,55,65
2306,10,55,65
2307,10,55,65
2308,10,55,65
2309,10,55,65
2310,10,55,65
2311,10,55,65
2312,10,55,65
2313,10,55,65
2314,10,55,65
2315,10,55,65
2316,10,55,65
2317,10,55,65
2318,10,56,66
2319,10,56,66
2320,10,56,66
2321,10,55,65
2322,10,55,65
2323,10,56,66
2324,10,56,66
2325,10,56,66
2326,10,56,66
2327,10,56,66
2328,10,56,66
2329,10,56,66
2330,10,56,66
2331,10,56,66
2332,10,56,66
2333,11,55,66
2334,11,55,66
2335,11,55,66
2336,11,55,66
2337,11,55,66
2338,11,54,65
2339,11,54,65
2340,11,54,65
2341,11,54,65
2342,11,54,65
2343,12,53,65
2344,12,53,65
2345,12,53,65
2346,12,53,65
2347,12,53,65
2348,12,53,65
2349,12,53,65
2350,12,53,65
2351,12,54,66
2352,12,54,66
2353,12,54,66
2354,12,54,66
2355,12,54,66
2356,12,54,66
2357,12,55,67
2358,12,56,68
2359,12,56,68
2360,12,56,68
2361,12,55,67
2362,12,55,67
2363,12,55,67
2364,12,55,67
2365,12,56,68
2366,12,56,68
2367,12,56,68
2368,12,56,68
2369,12,56,68
2370,12,56,68
2371,12,56,68
2372,12,56,68
2373,12,56,68
2374,12,55,67
2375,12,55,67
2376,12,55,67
2377,12,55,67
2378,12,55,67
2379,13,54,67
2380,13,55,68
2381,13,55,68
2382,13,56,69
2383,13,56,69
2384,13,56,69
2385,13,56,69
2386,13,56,69
2387,13,56,69
2388,13,56,69
2389,13,56,69
2390,13,56,69
2391,13,56,69
2392,13,56,69
2393,13,56,69
2394,13,56,69
2395,13,56,69
2396,13,56,69
2397,13,56,69
2398,13,56,69
2399,13,56,69
2400,13,56,69
2401,13,56,69
2402,13,55,68
2403,13,55,68
2404,13,55,68
2405,13,55,68
2406,13,55,68
2407,13,55,68
2408,13,55,68
2409,13,55,68
2410,13,55,68
2411,13,55,68
2412,13,55,68
2413,13,55,68
2414,13,55,68
2415,13,55,68
2416,13,57,70
2417,13,57,70
2418,13,57,70
2419,13,57,70
2420,13,57,70
2421,13,56,69
2422,14,55,69
2423,14,56,70
2424,14,56,70
2425,14,56,70
2426,14,56,70
2427,14,56,70
2428,14,56,70
2429,14,56,70
2430,14,56,70
2431,14,56,70
2432,15,55,70
2433,16,54,70
2434,16,54,70
2435,16,54,70
2436,16,54,70
2437,16,54,70
2438,16,54,70
2439,16,54,70
2440,15,54,69
2441,15,54,69
2442,15,54,69
2443,15,54,69
2444,15,54,69
2445,15,54,69
2446,15,54,69
2447,15,54,69
2448,15,54,69
2449,15,54,69
2450,15,54,69
2451,15,54,69
2452,15,55,70
2453,15,55,70
2454,15,55,70
2455,15,55,70
2456,15,55,70
2457,15,55,70
2458,15,55,70
2459,15,55,70
2460,15,55,70
2461,15,55,70
2462,15,55,70
2463,15,55,70
2464,15,56,71
2465,15,56,71
2466,15,56,71
2467,15,56,71
2468,15,56,71
2469,15,56,71
2470,15,56,71
2471,14,56,70
2472,14,55,69
2473,14,55,69
2474,14,55,69
2475,14,55,69
2476,14,55,69
2477,14,55,69
2478,14,55,69
2479,14,54,68
2480,14,54,68
2481,15,53,68
2482,15,53,68
2483,15,53,68
2484,15,53,68
2485,15,53,68
2486,15,53,68
2487,15,53,68
2488,15,53,68
2489,15,53,68
2490,15,53,68
2491,15,54,69
2492,16,53,69
2493,16,53,69
2494,16,53,69
2495,16,53,69
2496,16,53,69
2497,16,53,69
2498,15,53,68
2499,15,54,69
2500,15,54,69
2501,15,54,69
2502,15,55,70
2503,15,55,70
2504,15,55,70
2505,15,57,72
2506,15,57,72
2507,15,57,72
2508,15,57,72
2509,15,57,72
2510,15,57,72
2511,15,57,72
2512,15,57,72
2513,15,57,72
2514,15,57,72
2515,15,57,72
2516,15,57,72
2517,15,57,72
2518,15,57,72
2519,15,57,72
2520,15,57,72
2521,15,57,72
2522,15,57,72
2523,14,57,71
2524,14,57,71
2525,14,57,71
2526,14,57,71
2527,13,57,70
2528,13,57,70
2529,13,57,70
2530,13,57,70
2531,13,57,70
2532,14,57,71
2533,14,57,71
2534,15,56,71
2535,15,56,71
2536,15,56,71
2537,15,55,70
2538,15,55,70
2539,15,55,70
2540,15,55,70
2541,15,55,70
2542,15,55,70
2543,15,55,70
2544,15,54,69
2545,15,54,69
2546,14,54,68
2547,15,54,69
2548,15,54,69
2549,15,54,69
2550,15,54,69
2551,15,54,69
2552,15,54,69
2553,15,54,69
2554,15,54,69
2555,16,53,69
2556,16,54,70
2557,16,54,70
2558,16,54,70
2559,16,54,70
2560,16,54,70
2561,16,54,70
2562,16,54,70
2563,16,53,69
2564,16,53,69
2565,16,53,69
2566,16,53,69
2567,16,53,69
2568,16,53,69
2569,17,52,69
2570,17,52,69
2571,17,52,69
2572,17,52,69
2573,17,52,69
2574,17,52,69
2575,17,52,69
2576,17,52,69
2577,17,52,69
2578,17,52,69
2579,17,52,69
2580,17,52,69
2581,17,52,69
2582,17,52,69
2583,17,52,69
2584,17,52,69
2585,17,52,69
2586,17,52,69
2587,17,52,69
2588,17,52,69
2589,16,52,68
2590,16,52,68
2591,16,52,68
2592,16,52,68
2593,16,52,68
2594,16,52,68
2595,16,52,68
2596,16,51,67
2597,16,52,68
2598,16,52,68
2599,16,52,68
2600,16,53,69
2601,16,53,69
2602,16,53,69
2603,16,53,69
2604,16,53,69
2605,16,53,69
2606,16,53,69
2607,16,53,69
2608,16,53,69
2609,16,53,69
2610,16,53,69
2611,16,53,69
2612,16,54,70
2613,15,54,69
2614,15,54,69
2615,15,54,69
2616,15,54,69
2617,15,54,69
2618,16,53,69
2619,16,52,68
2620,16,52,68
2621,16,52,68
2622,16,52,68
2623,16,52,68
2624,16,52,68
2625,16,52,68
2626,16,52,68
2627,16,52,68
2628,16,52,68
2629,16,52,68
2630,16,51,67
2631,16,51,67
2632,16,51,67
2633,16,51,67
2634,15,51,66
2635,15,52,67
2636,15,52,67
2637,14,52,66
2638,14,52,66
2639,14,52,66
2640,14,52,66
2641,14,52,66
2642,14,52,66
2643,14,52,66
2644,14,52,66
2645,14,52,66
2646,14,51,65
2647,14,52,66
2648,14,52,66
2649,14,52,66
2650,14,52,66
2651,14,52,66
2652,14,52,66
2653,14,52,66
2654,14,52,66
2655,14,51,65
2656,14,51,65
2657,14,51,65
2658,14,52,66
2659,14,52,66
2660,14,52,66
2661,14,52,66
2662,14,52,66
2663,14,52,66
2664,14,52,66
2665,14,52,66
2666,14,53,67
2667,14,53,67
2668,14,53,67
2669,14,53,67
2670,14,53,67
2671,14,53,67
2672,14,53,67
2673,14,53,67
2674,14,54,68
2675,14,54,68
2676,14,54,68
2677,14,55,69
2678,14,55,69
2679,14,55,69
2680,14,55,69
2681,14,55,69
2682,14,55,69
2683,14,55,69
2684,14,55,69
2685,14,56,70
2686,14,56,70
2687,14,56,70
2688,14,57,71
2689,14,58,72
2690,14,59,73
2691,14,59,73
2692,14,59,73
2693,14,59,73
2694,14,59,73
2695,14,59,73
2696,14,61,75
2697,14,60,74
2698,14,60,74
2699,14,60,74
2700,14,60,74
2701,14,60,74
2702,15,59,74
2703,15,59,74
2704,15,59,74
2705,15,59,74
2706,15,59,74
2707,15,59,74
2708,15,59,74
2709,15,60,75
2710,15,61,76
2711,15,60,75
2712,15,60,75
2713,15,60,75
2714,15,60,75
2715,15,60,75
2716,15,60,75
2717,15,59,74
2718,15,61,76
2719,15,61,76
2720,15,61,76
2721,15,61,76
2722,15,61,76
2723,15,61,76
2724,16,60,76
2725,16,60,76
2726,16,60,76
2727,16,60,76
2728,16,60,76
2729,16,60,76
2730,17,59,76
2731,17,58,75
2732,17,58,75
2733,17,58,75
2734,17,58,75
2735,16,58,74
2736,16,58,74
2737,16,58,74
2738,16,58,74
2739,16,58,74
2740,16,58,74
2741,16,58,74
2742,16,58,74
2743,16,58,74
2744,16,58,74
2745,16,58,74
2746,16,58,74
2747,16,59,75
2748,16,61,77
2749,16,61,77
2750,16,62,78
2751,16,62,78
2752,16,63,79
2753,16,64,80
2754,16,65,81
2755,17,64,81
2756,17,64,81
2757,17,64,81
2758,17,64,81
2759,17,64,81
2760,17,64,81
2761,17,63,80
2762,17,63,80
2763,17,63,80
2764,17,63,80
2765,17,63,80
2766,17,63,80
2767,17,63,80
2768,17,63,80
2769,17,63,80
2770,17,63,80
2771,17,63,80
2772,17,63,80
2773,17,63,80
2774,17,64,81
2775,17,64,81
2776,17,64,81
2777,17,64,81
2778,17,64,81
2779,17,63,80
2780,17,64,81
2781,16,64,80
2782,16,64,80
2783,16,64,80
2784,16,64,80
2785,16,64,80
2786,16,64,80
2787,16,64,80
2788,16,64,80
2789,16,64,80
2790,16,64,80
2791,17,63,80
2792,17,63,80
2793,17,63,80
2794,17,63,80
2795,17,63,80
2796,17,63,80
2797,17,63,80
2798,17,63,80
2799,17,63,80
2800,17,63,80
2801,17,63,80
2802,17,62,79
2803,17,62,79
2804,17,62,79
2805,17,62,79
2806,17,61,78
2807,17,61,78
2808,17,61,78
2809,17,61,78
2810,17,61,78
2811,17,62,79
2812,17,62,79
2813,17,62,79
2814,17,62,79
2815,17,62,79
2816,17,62,79
2817,17,62,79
2818,17,63,80
2819,17,63,80
2820,17,63,80
2821,18,62,80
2822,18,62,80
2823,18,62,80
2824,18,62,80
2825,18,62,80
2826,18,62,80
2827,18,62,80
2828,18,62,80
2829,18,62,80
2830,18,62,80
2831,20,62,82
2832,20,62,82
2833,20,62,82
2834,20,62,82
2835,19,62,81
2836,19,62,81
2837,19,62,81
2838,19,64,83
2839,19,65,84
2840,19,65,84
2841,19,66,85
2842,19,66,85
2843,19,66,85
2844,19,66,85
2845,19,66,85
2846,19,66,85
2847,19,66,85
2848,19,66,85
2849,19,66,85
2850,19,66,85
2851,19,66,85
2852,20,65,85
2853,20,65,85
2854,20,65,85
2855,20,65,85
2856,20,65,85
2857,19,66,85
2858,19,66,85
2859,19,65,84
2860,19,65,84
2861,19,66,85
2862,19,66,85
2863,19,66,85
2864,19,66,85
2865,19,66,85
2866,19,66,85
2867,19,67,86
2868,19,66,85
2869,19,66,85
2870,19,66,85
2871,20,66,86
2872,20,67,87
2873,20,67,87
2874,20,67,87
2875,20,67,87
2876,20,66,86
2877,20,66,86
2878,20,66,86
2879,20,66,86
2880,20,67,87
2881,20,67,87
2882,20,67,87
2883,20,66,86
2884,20,66,86
2885,20,66,86
2886,20,65,85
2887,19,65,84
2888,19,65,84
2889,19,65,84
2890,19,65,84
2891,19,65,84
2892,19,65,84
2893,19,65,84
2894,18,65,83
2895,18,65,83
2896,18,65,83
2897,18,65,83
2898,18,65,83
2899,18,65,83
2900,18,65,83
2901,18,65,83
2902,18,66,84
2903,18,66,84
2904,18,66,84
2905,18,66,84
2906,19,65,84
2907,19,65,84
2908,19,65,84
2909,19,65,84
2910,19,65,84
2911,19,66,85
2912,19,66,85
2913,19,66,85
2914,20,65,85
2915,20,65,85
2916,20,65,85
2917,20,65,85
2918,20,65,85
2919,20,65,85
2920,20,65,85
2921,20,65,85
2922,20,65,85
2923,20,64,84
2924,20,63,83
2925,20,63,83
2926,20,63,83
2927,20,63,83
2928,20,63,83
2929,20,63,83
2930,20,63,83
2931,20,63,83
2932,20,63,83
2933,20,63,83
2934,20,65,85
2935,20,65,85
2936,20,65,85
2937,20,65,85
2938,20,65,85
2939,20,65,85
2940,20,65,85
2941,20,65,85
2942,20,65,85
2943,20,66,86
2944,20,66,86
2945,20,68,88
2946,20,67,87
2947,20,68,88
2948,20,68,88
2949,22,66,88
2950,22,65,87
2951,22,65,87
2952,22,65,87
2953,22,65,87
2954,21,65,86
2955,21,65,86
2956,21,65,86
2957,21,65,86
2958,21,65,86
2959,21,65,86
2960,21,65,86
2961,22,64,86
2962,22,64,86
2963,23,63,86
2964,23,63,86
2965,23,63,86
2966,23,63,86
2967,23,63,86
2968,23,63,86
2969,23,63,86
2970,23,63,86
2971,24,62,86
2972,24,62,86
2973,23,62,85
2974,23,62,85
2975,23,62,85
2976,23,62,85
2977,23,62,85
2978,23,62,85
2979,23,62,85
2980,23,62,85
2981,23,63,86
2982,24,62,86
2983,24,62,86
2984,24,62,86
2985,24,62,86
2986,24,62,86
2987,25,60,85
2988,25,60,85
2989,25,60,85
2990,25,60,85
2991,25,60,85
2992,25,60,85
2993,25,59,84
2994,25,59,84
2995,25,59,84
2996,25,59,84
2997,25,59,84
2998,25,59,84
2999,25,58,83
3000,25,58,83
3001,26,57,83
3002,26,57,83
3003,26,57,83
3004,27,56,83
3005,27,56,83
3006,27,56,83
3007,27,56,83
3008,28,55,83
3009,28,55,83
3010,28,55,83
3011,28,55,83
3012,28,55,83
3013,28,55,83
3014,28,55,83
3015,28,55,83
3016,28,54,82
3017,29,53,82
3018,29,54,83
3019,29,53,82
3020,30,52,82
3021,30,52,82
3022,31,52,83
3023,31,52,83
3024,32,51,83
3025,32,50,82
3026,33,49,82
3027,33,48,81
3028,33,48,81
3029,34,48,82
3030,35,47,82
3031,35,47,82
3032,35,47,82
3033,35,48,83
3034,35,48,83
3035,36,46,82
3036,36,46,82
3037,36,46,82
3038,36,46,82
3039,36,46,82
3040,36,46,82
3041,36,46,82
3042,36,46,82
3043,36,48,84
3044,36,47,83
3045,35,47,82
3046,35,47,82
3047,35,47,82
3048,35,48,83
3049,35,48,83
3050,35,48,83
3051,35,48,83
3052,35,48,83
3053,35,48,83
3054,35,48,83
3055,35,47,82
3056,36,46,82
3057,36,46,82
3058,36,47,83
3059,36,47,83
3060,36,47,83
3061,37,46,83
3062,37,47,84
3063,36,48,84
3064,36,48,84
3065,36,48,84
3066,36,48,84
3067,36,48,84
3068,36,47,83
3069,36,47,83
3070,36,47,83
3071,36,48,84
3072,37,47,84
3073,36,47,83
3074,36,47,83
3075,36,47,83
3076,36,47,83
3077,36,47,83
3078,36,47,83
3079,36,47,83
3080,36,47,83
3081,36,47,83
3082,36,50,86
3083,36,50,86
3084,36,50,86
3085,36,49,85
3086,36,49,85
3087,36,49,85
3088,36,48,84
3089,36,48,84
3090,36,48,84
3091,36,48,84
3092,37,47,84
3093,37,47,84
3094,37,47,84
3095,37,47,84
3096,37,48,85
3097,37,49,86
3098,37,49,86
3099,38,48,86
3100,39,47,86
3101,39,48,87
3102,40,47,87
3103,40,47,87
3104,39,47,86
3105,39,48,87
3106,39,48,87
3107,39,48,87
3108,39,48,87
3109,39,48,87
3110,39,48,87
3111,39,48,87
3112,40,47,87
3113,40,47,87
3114,40,47,87
3115,40,47,87
3116,41,46,87
3117,41,47,88
3118,40,47,87
3119,40,47,87
3120,40,47,87
3121,41,46,87
3122,40,46,86
3123,39,46,85
3124,39,46,85
3125,39,46,85
3126,39,46,85
3127,39,46,85
3128,39,47,86
3129,39,47,86
3130,39,47,86
3131,38,46,84
3132,38,46,84
3133,38,46,84
3134,37,46,83
3135,37,46,83
3136,37,46,83
3137,37,46,83
3138,37,46,83
3139,37,46,83
3140,37,46,83
3141,37,46,83
3142,37,46,83
3143,37,46,83
3144,37,47,84
3145,37,48,85
3146,37,47,84
3147,37,47,84
3148,37,47,84
3149,37,47,84
3150,37,48,85
3151,37,49,86
3152,37,49,86
3153,37,49,86
3154,37,49,86
3155,38,47,85
3156,38,47,85
3157,38,47,85
3158,37,47,84
3159,37,47,84
3160,37,47,84
3161,38,46,84
3162,38,46,84
3163,37,46,83
3164,37,46,83
3165,37,46,83
3166,37,46,83
3167,37,46,83
3168,37,45,82
3169,38,44,82
3170,38,44,82
3171,38,44,82
3172,38,44,82
3173,39,43,82
3174,39,43,82
3175,39,43,82
3176,39,43,82
3177,39,43,82
3178,39,43,82
3179,39,43,82
3180,39,43,82
3181,39,44,83
3182,39,44,83
3183,39,45,84
3184,39,43,82
3185,39,43,82
3186,39,43,82
3187,39,43,82
3188,39,43,82
3189,39,42,81
3190,40,41,81
3191,40,42,82
3192,40,42,82
3193,40,42,82
3194,40,42,82
3195,40,42,82
3196,40,42,82
3197,40,42,82
3198,40,42,82
3199,40,42,82
3200,40,42,82
3201,39,42,81
3202,39,42,81
3203,39,42,81
3204,39,42,81
3205,39,42,81
3206,39,42,81
3207,39,41,80
3208,39,41,80
3209,40,40,80
3210,40,40,80
3211,41,38,79
3212,41,37,78
3213,41,37,78
3214,40,36,76
3215,40,36,76
3216,40,37,77
3217,40,37,77
3218,39,37,76
3219,39,36,75
3220,39,36,75
3221,39,36,75
3222,39,36,75
3223,39,36,75
3224,39,37,76
3225,39,37,76
3226,39,37,76
3227,39,38,77
3228,39,39,78
3229,39,39,78
3230,39,39,78
3231,39,39,78
3232,39,38,77
3233,39,38,77
3234,39,38,77
3235,39,38,77
3236,38,39,77
3237,38,39,77
3238,38,39,77
3239,38,40,78
3240,39,39,78
3241,39,39,78
3242,40,37,77
3243,40,37,77
3244,40,37,77
3245,40,37,77
3246,41,36,77
3247,42,35,77
3248,42,35,77
3249,41,35,76
3250,41,35,76
3251,41,35,76
3252,42,34,76
3253,42,34,76
3254,42,35,77
3255,42,35,77
3256,42,34,76
3257,41,34,75
3258,42,33,75
3259,42,33,75
3260,42,34,76
3261,42,34,76
3262,42,34,76
3263,42,34,76
3264,42,35,77
3265,42,35,77
3266,42,35,77
3267,42,35,77
3268,42,35,77
3269,42,35,77
3270,43,34,77
3271,42,34,76
3272,42,34,76
3273,42,34,76
3274,42,34,76
3275,42,35,77
3276,42,36,78
3277,42,36,78
3278,42,36,78
3279,42,35,77
3280,42,35,77
3281,42,35,77
3282,42,35,77
3283,42,34,76
3284,42,34,76
3285,43,33,76
3286,43,33,76
3287,43,33,76
3288,43,32,75
3289,44,31,75
3290,44,31,75
3291,44,31,75
3292,44,31,75
3293,44,31,75
3294,44,31,75
3295,44,31,75
3296,44,30,74
3297,44,30,74
3298,44,30,74
3299,44,30,74
3300,44,30,74
3301,44,30,74
3302,44,30,74
3303,44,30,74
3304,44,29,73
3305,44,29,73
3306,44,28,72
3307,44,28,72
3308,44,28,72
3309,44,28,72
3310,44,28,72
3311,44,28,72
3312,44,28,72
3313,44,28,72
3314,44,28,72
3315,44,28,72
3316,44,27,71
3317,44,26,70
3318,44,26,70
3319,44,26,70
3320,44,26,70
3321,44,26,70
3322,44,26,70
3323,44,26,70
3324,46,24,70
3325,46,24,70
3326,46,24,70
3327,46,24,70
3328,46,25,71
3329,46,25,71
3330,46,25,71
3331,46,25,71
3332,46,25,71
3333,46,25,71
3334,46,25,71
3335,46,25,71
3336,46,25,71
3337,46,25,71
3338,46,25,71
3339,46,25,71
3340,46,25,71
3341,46,25,71
3342,46,25,71
3343,46,25,71
3344,46,25,71
3345,46,25,71
3346,46,25,71
3347,46,25,71
3348,46,25,71
3349,45,25,70
3350,45,25,70
3351,44,25,69
3352,44,24,68
3353,43,24,67
3354,43,24,67
3355,44,23,67
3356,44,23,67
3357,44,23,67
3358,44,23,67
3359,44,23,67
3360,43,23,66
3361,43,23,66
3362,43,23,66
3363,43,23,66
3364,43,23,66
3365,42,23,65
3366,42,23,65
3367,42,23,65
3368,42,23,65
3369,42,23,65
3370,42,22,64
3371,42,22,64
3372,42,22,64
3373,42,22,64
3374,42,22,64
3375,42,22,64
3376,42,22,64
3377,43,20,63
3378,43,20,63
3379,43,20,63
3380,43,20,63
3381,43,20,63
3382,43,20,63
3383,43,20,63
3384,43,20,63
3385,43,20,63
3386,43,20,63
3387,43,20,63
3388,43,21,64
3389,42,21,63
3390,42,21,63
3391,42,20,62
3392,42,20,62
3393,42,20,62
3394,42,20,62
3395,42,20,62
3396,42,20,62
3397,42,20,62
3398,42,21,63
3399,42,21,63
3400,42,21,63
3401,42,21,63
3402,42,20,62
3403,41,20,61
3404,41,20,61
3405,41,20,61
3406,41,20,61
3407,42,19,61
3408,42,19,61
3409,42,19,61
3410,41,19,60
3411,41,19,60
3412,41,19,60
3413,41,19,60
3414,41,19,60
3415,41,19,60
3416,41,19,60
3417,41,19,60
3418,41,19,60
3419,41,19,60
3420,41,19,60
3421,41,19,60
3422,41,19,60
3423,41,19,60
3424,41,19,60
3425,41,19,60
3426,38,19,57
3427,38,19,57
3428,37,19,56
3429,37,19,56
3430,37,19,56
3431,36,19,55
3432,35,19,54
3433,35,19,54
3434,35,19,54
3435,35,18,53
3436,35,18,53
3437,34,18,52
3438,34,18,52
3439,34,18,52
3440,34,18,52
3441,34,18,52
3442,34,18,52
3443,34,18,52
3444,34,18,52
3445,34,18,52
3446,34,18,52
3447,35,17,52
3448,35,17,52
3449,35,17,52
3450,35,17,52
3451,35,17,52
3452,35,17,52
3453,35,17,52
3454,35,17,52
3455,36,16,52
3456,36,16,52
3457,36,16,52
3458,36,16,52
3459,36,16,52
3460,36,16,52
3461,36,16,52
3462,36,16,52
3463,36,16,52
3464,36,16,52
3465,36,16,52
3466,36,16,52
3467,36,16,52
3468,36,16,52
3469,36,16,52
3470,36,16,52
3471,36,16,52
3472,36,16,52
3473,36,16,52
3474,36,16,52
3475,36,16,52
3476,36,16,52
3477,36,16,52
3478,36,16,52
3479,36,16,52
3480,36,16,52
3481,36,16,52
3482,36,16,52
3483,35,16,51
3484,35,16,51
3485,35,17,52
3486,35,17,52
3487,35,17,52
3488,36,16,52
3489,36,16,52
3490,36,16,52
3491,36,16,52
3492,36,16,52
3493,36,16,52
3494,35,15,50
3495,35,15,50
3496,35,15,50
3497,35,15,50
3498,35,15,50
3499,35,15,50
3500,35,15,50
3501,34,15,49
3502,34,15,49
3503,34,15,49
3504,33,14,47
3505,33,14,47
3506,33,14,47
3507,33,15,48
3508,33,15,48
3509,32,15,47
3510,32,15,47
3511,33,14,47
3512,33,14,47
3513,33,14,47
3514,33,14,47
3515,33,14,47
3516,33,14,47
3517,33,14,47
3518,33,14,47
3519,33,15,48
3520,33,15,48
3521,33,15,48
3522,33,15,48
3523,32,15,47
3524,32,15,47
3525,32,15,47
3526,32,15,47
3527,32,15,47
3528,33,14,47
3529,33,14,47
3530,33,14,47
3531,33,14,47
3532,33,14,47
3533,32,14,46
3534,32,14,46
3535,32,14,46
3536,32,14,46
3537,32,14,46
3538,32,14,46
3539,32,14,46
3540,32,14,46
3541,32,14,46
3542,32,14,46
3543,32,14,46
3544,32,14,46
3545,32,14,46
3546,32,14,46
3547,32,14,46
3548,32,14,46
3549,32,14,46
3550,32,14,46
3551,32,14,46
3552,32,14,46
3553,32,14,46
3554,32,14,46
3555,32,14,46
3556,32,14,46
3557,31,14,45
3558,31,14,45
3559,31,14,45
3560,31,14,45
3561,31,14,45
3562,31,14,45
3563,30,14,44
3564,30,14,44
3565,30,14,44
3566,30,14,44
3567,30,14,44
3568,30,13,43
3569,30,14,44
3570,30,14,44
3571,29,14,43
3572,29,14,43
3573,29,14,43
3574,29,14,43
3575,29,14,43
3576,29,14,43
3577,29,14,43
3578,29,14,43
3579,29,14,43
3580,29,14,43
3581,29,14,43
3582,29,14,43
3583,29,14,43
3584,29,14,43
3585,29,14,43
3586,29,14,43
3587,29,14,43
3588,29,14,43
3589,29,14,43
3590,29,14,43
3591,29,14,43
3592,29,14,43
3593,29,14,43
3594,29,13,42
3595,29,13,42
3596,29,13,42
3597,29,13,42
3598,29,13,42
3599,29,13,42
3600,29,13,42
3601,29,13,42
3602,29,13,42
3603,29,13,42
3604,29,13,42
3605,29,13,42
3606,29,13,42
3607,29,13,42
3608,28,13,41
3609,28,13,41
3610,28,13,41
3611,27,13,40
3612,26,13,39
3613,26,13,39
3614,26,13,39
3615,26,13,39
3616,25,13,38
3617,25,13,38
3618,25,13,38
3619,25,13,38
3620,24,13,37
3621,24,13,37
3622,24,13,37
3623,24,13,37
3624,24,13,37
3625,24,13,37
3626,24,13,37
3627,24,13,37
3628,24,13,37
3629,24,13,37
3630,24,13,37
3631,24,13,37
3632,24,13,37
3633,24,13,37
3634,24,13,37
3635,24,13,37
3636,24,13,37
3637,24,13,37
3638,24,13,37
3639,24,13,37
3640,24,13,37
3641,24,13,37
3642,23,13,36
3643,23,13,36
3644,22,13,35
3645,22,13,35
3646,22,13,35
3647,22,14,36
3648,21,14,35
3649,21,14,35
3650,21,14,35
3651,20,14,34
3652,20,14,34
3653,20,14,34
3654,20,14,34
3655,20,14,34
3656,20,14,34
3657,20,14,34
3658,20,14,34
3659,20,14,34
3660,19,14,33
3661,19,14,33
3662,19,14,33
3663,19,14,33
3664,19,14,33
3665,19,14,33
3666,19,14,33
3667,19,14,33
3668,19,14,33
3669,19,14,33
3670,19,14,33
3671,19,14,33
3672,18,14,32
3673,18,14,32
3674,18,14,32
3675,18,14,32
3676,18,14,32
3677,18,14,32
3678,18,14,32
3679,18,14,32
3680,18,14,32
3681,18,14,32
3682,18,14,32
3683,18,14,32
3684,17,14,31
3685,17,14,31
3686,17,14,31
3687,16,14,30
3688,16,14,30
3689,16,14,30
3690,16,14,30
3691,15,14,29
3692,15,14,29
3693,15,14,29
3694,15,14,29
3695,15,14,29
3696,15,14,29
3697,15,14,29
3698,15,14,29
3699,15,14,29
3700,15,14,29
3701,15,14,29
3702,15,14,29
3703,15,14,29
3704,15,14,29
3705,15,15,30
3706,14,15,29
3707,14,15,29
3708,14,14,28
3709,15,13,28
3710,15,13,28
3711,15,13,28
3712,15,13,28
3713,15,13,28
3714,15,13,28
3715,15,13,28
3716,15,13,28
3717,15,13,28
3718,15,13,28
3719,15,13,28
3720,16,12,28
3721,16,12,28
3722,16,12,28
3723,16,12,28
3724,16,12,28
3725,16,12,28
3726,15,12,27
3727,15,13,28
3728,15,13,28
3729,15,13,28
3730,15,13,28
3731,15,13,28
3732,15,13,28
3733,15,13,28
3734,15,13,28
3735,15,13,28
3736,15,13,28
3737,15,13,28
3738,15,13,28
3739,15,13,28
3740,15,13,28
3741,15,13,28
3742,15,13,28
3743,15,13,28
3744,15,13,28
3745,15,13,28
3746,15,13,28
3747,15,13,28
3748,15,13,28
3749,15,13,28
3750,15,13,28
3751,15,13,28
3752,15,13,28
3753,15,13,28
3754,15,13,28
3755,15,13,28
3756,15,13,28
3757,14,13,27
3758,14,13,27
3759,14,13,27
3760,14,13,27
3761,14,13,27
3762,14,13,27
3763,14,13,27
3764,14,14,28
3765,14,14,28
3766,14,14,28
3767,14,14,28
3768,14,14,28
3769,14,14,28
3770,14,14,28
3771,14,14,28
3772,14,14,28
3773,14,14,28
3774,14,14,28
3775,14,14,28
3776,14,14,28
3777,14,14,28
3778,14,14,28
3779,13,14,27
3780,13,14,27
3781,13,14,27
3782,13,14,27
3783,13,14,27
3784,13,14,27
3785,13,14,27
3786,13,14,27
3787,13,14,27
3788,13,14,27
3789,13,14,27
3790,13,14,27
3791,13,14,27
3792,13,14,27
3793,12,14,26
3794,12,14,26
3795,12,14,26
3796,12,14,26
3797,12,14,26
3798,12,14,26
3799,12,14,26
3800,12,14,26
3801,12,14,26
3802,12,14,26
3803,12,14,26
3804,12,14,26
3805,12,14,26
3806,12,14,26
3807,12,14,26
3808,12,14,26
3809,12,14,26
3810,11,14,25
3811,11,14,25
3812,11,14,25
3813,11,14,25
3814,12,13,25
3815,12,13,25
3816,12,13,25
3817,12,13,25
3818,12,13,25
3819,12,13,25
3820,12,13,25
3821,12,13,25
3822,11,13,24
3823,11,13,24
3824,11,13,24
3825,11,13,24
3826,11,13,24
3827,11,13,24
3828,11,13,24
3829,11,13,24
3830,11,13,24
3831,11,13,24
3832,11,13,24
3833,11,13,24
3834,11,13,24
3835,11,13,24
3836,11,13,24
3837,11,13,24
3838,11,13,24
3839,11,13,24
3840,11,13,24
3841,11,13,24
3842,11,13,24
3843,11,13,24
3844,11,13,24
3845,11,13,24
3846,11,13,24
3847,11,13,24
3848,11,13,24
3849,10,13,23
3850,10,13,23
3851,10,13,23
3852,10,13,23
3853,10,13,23
3854,10,13,23
3855,10,13,23
3856,10,13,23
3857,9,13,22
3858,9,13,22
3859,9,13,22
3860,9,13,22
3861,9,13,22
3862,9,13,22
3863,9,13,22
3864,9,13,22
3865,9,13,22
3866,9,13,22
3867,9,13,22
3868,9,13,22
3869,9,13,22
3870,9,13,22
3871,9,13,22
3872,9,13,22
3873,9,13,22
3874,9,13,22
3875,8,13,21
3876,8,13,21
3877,8,13,21
3878,8,13,21
3879,8,13,21
3880,8,13,21
3881,8,13,21
3882,8,13,21
3883,8,13,21
3884,8,13,21
3885,8,13,21
3886,8,13,21
3887,8,13,21
3888,8,13,21
3889,8,13,21
3890,7,13,20
3891,7,13,20
3892,6,13,19
3893,6,13,19
3894,6,13,19
3895,6,13,19
3896,6,13,19
3897,6,13,19
3898,6,13,19
3899,6,13,19
3900,6,14,20
3901,6,14,20
3902,6,14,20
3903,6,14,20
3904,6,14,20
3905,6,14,20
3906,6,14,20
3907,6,14,20
3908,6,14,20
3909,6,14,20
3910,6,14,20
3911,6,14,20
3912,6,14,20
3913,5,14,19
3914,5,14,19
3915,5,15,20
3916,5,15,20
3917,5,15,20
3918,5,15,20
3919,5,15,20
3920,5,15,20
3921,5,15,20
3922,5,15,20
3923,5,15,20
3924,5,15,20
3925,5,15,20
3926,5,15,20
3927,5,15,20
3928,5,15,20
3929,5,15,20
3930,4,15,19
3931,4,15,19
3932,4,15,19
3933,4,15,19
3934,4,15,19
3935,4,15,19
3936,4,15,19
3937,4,15,19
3938,4,15,19
3939,4,15,19
3940,4,15,19
3941,4,15,19
3942,4,15,19
3943,4,16,20
3944,4,16,20
3945,4,16,20
3946,4,16,20
3947,4,16,20
3948,4,16,20
3949,4,16,20
3950,4,16,20
3951,4,16,20
3952,4,16,20
3953,4,16,20
3954,4,16,20
3955,4,16,20
3956,4,16,20
3957,4,17,21
3958,4,17,21
3959,4,17,21
3960,4,17,21
3961,4,17,21
3962,4,17,21
3963,4,17,21
3964,4,17,21
3965,4,17,21
3966,4,17,21
3967,4,17,21
3968,4,17,21
3969,4,17,21
3970,4,17,21
3971,4,17,21
3972,4,17,21
3973,4,17,21
3974,4,17,21
3975,4,17,21
3976,4,17,21
3977,4,17,21
3978,4,17,21
3979,4,18,22
3980,4,19,23
3981,4,19,23
3982,4,19,23
3983,4,19,23
3984,4,19,23
3985,4,19,23
3986,4,19,23
3987,4,19,23
3988,4,19,23
3989,4,19,23
3990,4,19,23
3991,4,19,23
3992,4,19,23
3993,4,19,23
3994,4,20,24
3995,4,20,24
3996,4,20,24
3997,4,21,25
3998,4,21,25
3999,4,21,25
4000,4,20,24
4001,4,20,24
4002,4,20,24
4003,4,20,24
4004,4,20,24
4005,4,20,24
4006,4,20,24
4007,4,20,24
4008,4,20,24
4009,4,20,24
4010,4,20,24
4011,4,20,24
4012,4,20,24
4013,4,20,24
4014,4,20,24
4015,4,20,24
4016,4,20,24
4017,4,20,24
4018,4,20,24
4019,4,20,24
4020,4,20,24
4021,4,20,24
4022,4,20,24
4023,4,20,24
4024,4,20,24
4025,4,20,24
4026,4,20,24
4027,4,20,24
4028,4,20,24
4029,4,20,24
4030,4,20,24
4031,4,20,24
4032,4,20,24
4033,4,20,24
4034,4,20,24
4035,4,20,24
4036,4,20,24
4037,4,20,24
4038,4,20,24
4039,4,21,25
4040,4,21,25
4041,4,21,25
4042,4,21,25
4043,4,22,26
4044,4,22,26
4045,4,22,26
4046,4,22,26
4047,4,22,26
4048,4,22,26
4049,4,23,27
4050,4,23,27
4051,4,23,27
4052,4,23,27
4053,4,23,27
4054,4,23,27
4055,4,23,27
4056,4,23,27
4057,4,23,27
4058,4,23,27
4059,4,23,27
4060,4,23,27
4061,4,23,27
4062,4,23,27
4063,4,23,27
4064,4,23,27
4065,4,23,27
4066,4,23,27
4067,4,23,27
4068,4,24,28
4069,4,24,28
4070,4,24,28
4071,4,24,28
4072,4,24,28
4073,4,24,28
4074,3,25,28
4075,3,25,28
4076,3,25,28
4077,3,25,28
4078,3,25,28
4079,3,25,28
4080,3,25,28
4081,3,25,28
4082,3,25,28
4083,3,25,28
4084,3,25,28
4085,3,25,28
4086,3,25,28
4087,3,26,29
4088,3,26,29
4089,3,26,29
4090,3,26,29
4091,3,26,29
4092,3,26,29
4093,3,26,29
4094,3,26,29
4095,3,26,29
4096,3,26,29
4097,3,26,29
4098,3,26,29
4099,3,26,29
4100,3,26,29
4101,3,26,29
4102,3,26,29
4103,3,26,29
4104,3,26,29
4105,3,26,29
4106,3,26,29
4107,3,26,29
4108,3,26,29
4109,3,26,29
4110,3,26,29
4111,3,26,29
4112,3,26,29
4113,3,26,29
4114,3,26,29
4115,3,26,29
4116,3,26,29
4117,3,26,29
4118,3,26,29
4119,3,26,29
4120,3,26,29
4121,3,26,29
4122,3,27,30
4123,3,27,30
4124,3,27,30
4125,3,27,30
4126,3,27,30
4127,3,27,30
4128,3,27,30
4129,3,27,30
4130,3,27,30
4131,3,28,31
4132,3,28,31
4133,2,28,30
4134,2,28,30
4135,2,28,30
4136,2,28,30
4137,2,28,30
4138,2,28,30
4139,2,28,30
4140,2,28,30
4141,2,28,30
4142,2,28,30
4143,2,28,30
4144,2,28,30
4145,2,28,30
4146,2,28,30
4147,2,28,30
4148,2,28,30
4149,2,28,30
4150,2,28,30
4151,2,28,30
4152,2,28,30
4153,2,28,30
4154,2,28,30
4155,2,28,30
4156,2,28,30
4157,2,28,30
4158,2,28,30
4159,2,28,30
4160,2,28,30
4161,2,28,30
4162,2,29,31
4163,2,29,31
4164,2,29,31
4165,2,29,31
4166,2,29,31
4167,2,29,31
4168,2,29,31
4169,2,30,32
4170,2,30,32
4171,2,30,32
4172,2,30,32
4173,2,30,32
4174,2,30,32
4175,2,30,32
4176,2,30,32
4177,2,30,32
4178,2,30,32
4179,2,30,32
4180,2,30,32
4181,2,30,32
4182,2,30,32
4183,2,30,32
4184,2,30,32
4185,2,30,32
4186,2,30,32
4187,2,30,32
4188,2,30,32
4189,2,30,32
4190,2,30,32
4191,2,30,32
4192,2,30,32
4193,2,30,32
4194,2,30,32
4195,2,30,32
4196,2,30,32
4197,2,30,32
4198,2,30,32
4199,2,31,33
4200,2,31,33
4201,2,31,33
4202,2,31,33
4203,2,31,33
4204,2,31,33
4205,2,31,33
4206,2,31,33
4207,2,31,33
4208,2,31,33
4209,2,31,33
4210,2,31,33
4211,2,31,33
4212,2,31,33
4213,2,31,33
4214,2,31,33
4215,2,32,34
4216,1,32,33
4217,1,32,33
4218,1,32,33
4219,1,32,33
4220,1,32,33
4221,1,32,33
4222,1,32,33
4223,1,32,33
4224,1,32,33
4225,1,32,33
4226,1,32,33
4227,1,32,33
4228,1,32,33
4229,1,32,33
4230,1,32,33
4231,1,32,33
4232,1,32,33
4233,1,32,33
4234,1,32,33
4235,1,32,33
4236,1,32,33
4237,1,32,33
4238,1,32,33
4239,1,32,33
4240,1,32,33
4241,1,32,33
4242,1,32,33
4243,1,32,33
4244,1,32,33
4245,1,32,33
4246,1,32,33
4247,1,32,33
4248,1,32,33
4249,1,32,33
4250,1,32,33
4251,1,32,33
4252,1,32,33
4253,1,32,33
4254,1,32,33
4255,1,32,33
4256,1,32,33
4257,1,32,33
4258,1,32,33
4259,1,32,33
4260,1,32,33
4261,1,32,33
4262,1,32,33
4263,1,32,33
4264,1,32,33
4265,1,32,33
4266,1,32,33
4267,1,32,33
4268,1,32,33
4269,1,32,33
4270,1,32,33
4271,1,32,33
4272,1,32,33
4273,1,32,33
4274,1,32,33
4275,1,32,33
4276,1,32,33
4277,1,32,33
4278,1,32,33
4279,1,32,33
4280,1,32,33
4281,1,32,33
4282,1,32,33
4283,1,32,33
4284,1,32,33
4285,1,32,33
4286,1,32,33
4287,1,32,33
4288,1,32,33
4289,1,32,33
4290,1,32,33
4291,1,32,33
4292,1,32,33
4293,1,32,33
4294,1,32,33
4295,1,32,33
4296,1,32,33
4297,1,32,33
4298,1,32,33
4299,1,32,33
4300,1,32,33
4301,1,32,33
4302,1,32,33
4303,1,32,33
4304,1,32,33
4305,1,32,33
4306,1,32,33
4307,1,32,33
4308,1,32,33
4309,1,32,33
4310,1,32,33
4311,1,32,33
4312,1,32,33
4313,1,32,33
4314,1,32,33
4315,1,32,33
4316,1,32,33
4317,1,32,33
4318,1,32,33
4319,1,33,34
4320,1,33,34
4321,1,33,34
4322,1,33,34
4323,1,33,34
4324,1,33,34
4325,1,33,34
4326,1,33,34
4327,1,33,34
4328,1,33,34
4329,1,33,34
4330,1,33,34
4331,1,33,34
4332,1,33,34
4333,1,33,34
4334,1,33,34
4335,1,33,34
4336,1,34,35
4337,1,34,35
4338,1,34,35
4339,1,34,35
4340,1,34,35
4341,1,34,35
4342,1,34,35
4343,1,34,35
4344,1,34,35
4345,1,34,35
4346,1,34,35
4347,1,34,35
4348,1,34,35
4349,1,34,35
4350,1,35,36
4351,1,35,36
4352,1,35,36
4353,1,35,36
4354,1,35,36
4355,1,35,36
4356,1,35,36
4357,1,35,36
4358,1,35,36
4359,1,35,36
4360,1,35,36
4361,1,35,36
4362,1,36,37
4363,1,36,37
4364,1,36,37
4365,1,36,37
4366,1,36,37
4367,1,36,37
4368,1,36,37
4369,1,36,37
4370,1,36,37
4371,1,37,38
4372,1,37,38
4373,1,37,38
4374,1,37,38
4375,1,37,38
4376,1,37,38
4377,1,37,38
4378,1,37,38
4379,1,37,38
4380,1,37,38
4381,1,37,38
4382,1,37,38
4383,1,37,38
4384,1,37,38
4385,1,37,38
4386,1,37,38
4387,1,37,38
4388,1,37,38
4389,1,37,38
4390,1,38,39
4391,1,38,39
4392,1,38,39
4393,1,38,39
4394,1,38,39
4395,1,38,39
4396,1,38,39
4397,1,38,39
4398,1,38,39
4399,1,38,39
4400,1,38,39
4401,1,38,39
4402,1,38,39
4403,1,38,39
4404,1,39,40
4405,1,39,40
4406,1,39,40
4407,1,39,40
4408,1,39,40
4409,1,39,40
4410,1,39,40
4411,1,39,40
4412,1,39,40
4413,1,39,40
4414,1,39,40
4415,1,39,40
4416,1,39,40
4417,1,39,40
4418,1,39,40
4419,1,39,40
4420,1,39,40
4421,1,39,40
4422,1,39,40
4423,0,39,39
4424,0,39,39
4425,0,39,39
4426,0,39,39
4427,0,39,39
4428,0,39,39
4429,0,39,39
4430,0,39,39
4431,0,39,39
4432,0,39,39
4433,0,39,39
4434,0,39,39
4435,0,39,39
4436,0,39,39
4437,0,39,39
4438,0,39,39
4439,0,40,40
4440,0,40,40
4441,0,40,40
4442,0,40,40
4443,0,40,40
4444,0,41,41
4445,0,41,41
4446,0,41,41
4447,0,41,41
4448,0,41,41
4449,0,41,41
4450,0,41,41
4451,0,41,41
4452,0,41,41
4453,0,41,41
4454,0,41,41
4455,0,41,41
4456,0,41,41
4457,0,41,41
4458,0,41,41
4459,0,41,41
4460,0,41,41
4461,0,41,41
4462,0,41,41
4463,0,41,41
4464,0,41,41
4465,0,41,41
4466,0,41,41
4467,0,41,41
4468,0,41,41
4469,0,41,41
4470,0,41,41
4471,0,41,41
4472,0,41,41
4473,0,41,41
4474,0,41,41
4475,0,41,41
4476,0,41,41
4477,0,41,41
4478,0,41,41
4479,0,41,41
4480,0,42,42
4481,0,42,42
4482,0,42,42
4483,0,42,42
4484,0,43,43
4485,0,43,43
4486,0,43,43
4487,0,43,43
4488,0,44,44
4489,0,44,44
4490,0,44,44
4491,0,44,44
4492,0,44,44
4493,0,44,44
4494,0,44,44
4495,0,44,44
4496,0,44,44
4497,0,44,44
4498,0,46,46
4499,0,46,46
4500,0,46,46
4501,0,46,46
4502,0,46,46
4503,0,47,47
4504,0,47,47
4505,0,47,47
4506,0,47,47
4507,0,47,47
4508,0,47,47
4509,0,47,47
4510,0,47,47
4511,0,47,47
4512,0,47,47
4513,0,47,47
4514,0,47,47
4515,0,47,47
4516,0,47,47
4517,0,47,47
4518,0,47,47
4519,0,47,47
4520,0,47,47
4521,0,47,47
4522,0,49,49
4523,0,49,49
4524,0,50,50
4525,0,51,51
4526,0,51,51
4527,0,51,51
4528,0,51,51
4529,0,51,51
