frame,id,x,y,image_index,angle,site,site_id
0,0,637,575,0,-138,false,
1,0,639,577,0,-138,false,
2,0,641,579,0,-138,false,
3,0,643,581,0,-138,false,
4,0,645,583,0,-138,false,
5,0,646,585,0,-138,false,
6,0,648,587,0,-138,false,
7,0,650,589,0,-138,false,
8,0,652,591,0,-138,false,
9,0,654,593,0,-138,false,
10,0,655,595,0,-138,false,
11,0,657,597,0,-138,false,
12,0,659,599,0,-138,false,
13,0,661,601,0,-138,false,
14,0,662,603,0,-138,false,
15,0,664,605,0,-138,false,
16,0,666,607,0,-138,false,
17,0,668,609,0,-138,false,
18,0,670,611,0,-138,false,
19,0,671,613,0,-138,false,
20,0,673,615,0,-138,false,
21,0,675,617,0,-138,false,
22,0,677,619,0,-138,false,
23,0,679,621,0,-138,false,
24,0,680,623,0,-138,false,
25,0,682,625,0,-138,false,
26,0,684,627,0,-138,false,
27,0,686,629,0,-138,false,
28,0,688,631,0,-138,false,
29,0,689,633,0,-138,false,
30,0,691,635,0,-138,false,
31,0,693,637,0,-138,false,
32,0,695,639,0,-138,false,
33,0,697,641,0,-138,false,
34,0,698,643,0,-138,false,
35,0,700,645,0,-138,false,
36,0,702,648,0,-138,false,
37,0,704,650,0,-138,false,
38,0,706,652,0,-138,false,
39,0,707,654,0,-138,false,
40,0,709,656,0,-138,false,
41,0,711,658,0,-138,false,
42,0,713,660,0,-138,false,
43,0,714,662,0,-138,false,
44,0,716,664,0,-138,false,
45,0,718,666,0,-138,false,
46,0,720,668,0,-138,false,
47,0,722,670,0,-138,false,
48,0,723,672,0,-138,false,
49,0,725,674,0,-138,false,
50,0,727,676,0,-138,false,
51,0,729,678,0,-138,false,
52,0,731,680,0,-138,false,
53,0,732,682,0,-138,false,
54,0,734,684,0,-138,false,
55,0,736,686,0,-138,false,
56,0,738,688,0,-138,false,
57,0,740,690,0,-138,false,
58,0,741,692,0,-138,false,
59,0,743,694,0,-138,false,
60,0,745,696,0,-138,false,
61,0,747,698,0,-138,false,
62,0,749,700,0,-138,false,
63,0,750,702,0,-138,false,
64,0,2,704,0,-138,false,
65,0,4,706,0,-138,false,
66,0,5,708,0,-138,false,
67,0,7,710,0,-138,false,
68,0,9,712,0,-138,false,
69,0,11,714,0,-138,false,
70,0,13,716,0,-138,false,
71,0,14,718,0,-138,false,
72,0,16,720,0,-138,false,
73,0,18,722,0,-138,false,
74,0,20,724,0,-138,false,
75,0,22,726,0,-138,false,
76,0,23,728,0,-138,false,
77,0,25,730,0,-138,false,
78,0,27,732,0,-138,false,
79,0,29,734,0,-138,false,
80,0,30,736,0,-138,false,
81,0,32,738,0,-138,false,
82,0,34,740,0,-138,false,
83,0,36,742,0,-138,false,
84,0,38,744,0,-138,false,
85,0,39,746,0,-138,false,
86,0,41,748,0,-138,false,
87,0,43,750,0,-138,false,
88,0,45,2,0,-138,false,
89,0,47,4,0,-138,false,
90,0,48,6,0,-138,false,
91,0,50,8,0,-138,false,
92,0,52,10,0,-138,false,
93,0,54,12,0,-138,false,
94,0,56,14,0,-138,false,
95,0,57,16,0,-138,false,
96,0,59,18,0,-138,false,
97,0,61,20,0,-138,false,
98,0,63,22,0,-138,false,
99,0,65,24,0,-138,false,
100,0,66,26,0,-138,false,
101,0,68,28,0,-138,false,
102,0,70,30,0,-138,false,
103,0,72,32,0,-138,false,
104,0,74,34,0,-138,false,
105,0,75,36,0,-138,false,
106,0,77,38,0,-138,false,
107,0,79,40,0,-138,false,
108,0,81,42,0,-138,false,
109,0,83,44,0,-138,false,
110,0,84,46,0,-138,false,
111,0,86,48,0,-138,false,
112,0,88,50,0,-138,false,
113,0,90,52,0,-138,false,
114,0,91,54,0,-138,false,
115,0,93,57,0,-138,false,
116,0,95,59,0,-138,false,
117,0,97,61,0,-138,false,
118,0,99,63,0,-138,false,
119,0,100,65,0,-138,false,
120,0,102,67,0,-138,false,
121,0,104,69,0,-138,false,
122,0,106,71,0,-138,false,
123,0,108,73,0,-138,false,
124,0,109,75,0,-138,false,
125,0,111,77,0,-138,false,
126,0,113,79,0,-138,false,
127,0,115,81,0,-138,false,
128,0,117,83,0,-138,false,
129,0,118,85,0,-138,false,
130,0,120,87,0,-138,false,
131,0,122,89,0,-138,false,
132,0,124,91,0,-138,false,
133,0,126,93,0,-138,false,
134,0,127,95,0,-138,false,
135,0,129,97,0,-138,false,
136,0,131,99,0,-138,false,
137,0,133,101,0,-138,false,
138,0,135,103,0,-138,false,
139,0,136,105,0,-138,false,
140,0,138,107,0,-138,false,
141,0,140,109,0,-138,false,
142,0,142,111,0,-138,false,
143,0,143,113,0,-138,false,
144,0,145,115,0,-138,false,
145,0,147,117,0,-138,false,
146,0,149,119,0,-138,false,
147,0,151,121,0,-138,false,
148,0,152,123,0,-138,false,
149,0,154,125,0,-138,false,
150,0,156,127,0,-138,false,
151,0,158,129,0,-138,false,
152,0,160,131,0,-138,false,
153,0,161,133,0,-138,false,
154,0,163,135,0,-138,false,
155,0,165,137,0,-138,false,
156,0,167,139,0,-138,false,
157,0,169,141,0,-138,false,
158,0,172,145,0,-138,true,3
159,0,174,147,0,-138,true,3
160,0,176,149,0,-138,true,3
161,0,178,151,0,-138,true,3
162,0,179,153,0,-138,true,3
163,0,181,155,0,-138,true,3
164,0,183,157,0,-138,true,3
165,0,185,159,0,-138,true,3
166,0,187,161,0,-138,true,3
167,0,188,163,0,-138,true,3
168,0,190,165,0,-138,true,3
169,0,192,168,0,-138,true,3
170,0,194,170,0,-138,true,3
171,0,194,170,0,-138,true,3
172,0,194,170,0,-138,true,3
173,0,194,170,0,-138,true,3
174,0,194,170,0,-138,true,3
175,0,194,170,0,-138,true,3
176,0,194,170,0,-138,true,3
177,0,194,170,0,-138,true,3
178,0,194,170,0,-138,true,3
179,0,194,170,0,-138,true,3
180,0,194,170,0,-138,true,3
181,0,194,170,0,-138,true,3
182,0,194,170,0,-138,true,3
183,0,194,170,0,-138,true,3
184,0,194,170,0,-138,true,3
185,0,194,170,0,-138,true,3
186,0,194,170,0,-138,true,3
187,0,194,170,0,-138,true,3
188,0,194,170,0,-138,true,3
189,0,194,170,0,-138,true,3
190,0,194,170,0,-138,true,3
191,0,194,170,0,-138,true,3
192,0,194,170,0,-138,true,3
193,0,194,170,0,-138,true,3
194,0,194,170,0,-138,true,3
195,0,194,170,0,-138,true,3
196,0,194,170,0,-138,true,3
197,0,194,170,0,-138,true,3
198,0,194,170,0,-138,true,3
199,0,194,170,0,-138,true,3
200,0,194,170,0,-138,true,3
201,0,194,170,0,-138,true,3
202,0,194,170,0,-138,true,3
203,0,194,170,0,-138,true,3
204,0,194,170,0,-138,true,3
205,0,194,170,0,-138,true,3
206,0,194,170,0,-138,true,3
207,0,194,170,0,-138,true,3
208,0,194,170,0,-138,true,3
209,0,194,170,0,-138,true,3
210,0,194,170,0,-138,true,3
211,0,194,170,0,-138,true,3
212,0,194,170,0,-138,true,3
213,0,194,170,0,-138,true,3
214,0,194,170,0,-138,true,3
215,0,194,170,0,-138,true,3
216,0,194,170,0,-138,true,3
217,0,194,170,0,-138,true,3
218,0,194,170,0,-138,true,3
219,0,194,170,0,-138,true,3
220,0,194,170,0,-138,true,3
221,0,194,170,0,-138,true,3
222,0,194,170,0,-138,true,3
223,0,194,170,0,-138,true,3
224,0,194,170,0,-138,true,3
225,0,194,170,0,-138,true,3
226,0,194,170,0,-138,true,3
227,0,194,170,0,-138,true,3
228,0,194,170,0,-138,true,3
229,0,194,170,0,-138,true,3
230,0,194,170,0,-138,true,3
231,0,194,170,0,-138,true,3
232,0,194,170,0,-138,true,3
233,0,194,170,0,-138,true,3
234,0,194,170,0,-138,true,3
235,0,194,170,0,-138,true,3
236,0,194,170,0,-138,true,3
237,0,194,170,0,-138,true,3
238,0,194,170,0,-138,true,3
239,0,194,170,0,-138,true,3
240,0,194,170,0,-138,true,3
241,0,194,170,0,-138,true,3
242,0,194,170,0,-138,true,3
243,0,194,170,0,-138,true,3
244,0,194,170,0,-138,true,3
245,0,194,170,0,-138,true,3
246,0,194,170,0,-138,true,3
247,0,194,170,0,-138,true,3
248,0,194,170,0,-138,true,3
249,0,194,170,0,-138,true,3
250,0,194,170,0,-138,true,3
251,0,194,170,0,-138,true,3
252,0,194,170,0,-138,true,3
253,0,194,170,0,-138,true,3
254,0,194,170,0,-138,true,3
255,0,194,170,0,-138,true,3
256,0,194,170,0,-138,true,3
257,0,194,170,0,-138,true,3
258,0,194,170,0,-138,true,3
259,0,194,170,0,-138,true,3
260,0,194,170,0,-138,true,3
261,0,194,170,0,-138,true,3
262,0,194,170,0,-138,true,3
263,0,194,170,0,-138,true,3
264,0,194,170,0,-138,true,3
265,0,194,170,0,-138,true,3
266,0,194,170,0,-138,true,3
267,0,194,170,0,-138,true,3
268,0,194,170,0,-138,true,3
269,0,194,170,0,-138,true,3
270,0,194,170,0,-138,true,3
271,0,194,170,0,-138,true,3
272,0,194,170,0,-138,true,3
273,0,194,170,0,-138,true,3
274,0,194,170,0,-138,true,3
275,0,194,170,0,-138,true,3
276,0,194,170,0,-138,true,3
277,0,194,170,0,-138,true,3
278,0,194,170,0,-138,true,3
279,0,194,170,0,-138,true,3
280,0,194,170,0,-138,true,3
281,0,194,170,0,-138,true,3
282,0,194,170,0,-138,true,3
283,0,194,170,0,-138,true,3
284,0,194,170,0,-138,true,3
285,0,194,170,0,-138,true,3
286,0,194,170,0,-138,true,3
287,0,194,170,0,-138,true,3
288,0,194,170,0,-138,true,3
289,0,194,170,0,-138,true,3
290,0,194,170,0,-138,true,3
291,0,194,170,0,-138,true,3
292,0,194,170,0,-138,true,3
293,0,194,170,0,-138,true,3
294,0,194,170,0,-138,true,3
295,0,194,170,0,-138,true,3
296,0,194,170,0,-138,true,3
297,0,194,170,0,-138,true,3
298,0,194,170,0,-138,true,3
299,0,194,170,0,-138,true,3
300,0,194,170,0,-138,true,3
301,0,194,170,0,-138,true,3
302,0,194,170,0,-138,true,3
303,0,194,170,0,-138,true,3
304,0,194,170,0,-138,true,3
305,0,194,170,0,-138,true,3
306,0,194,170,0,-138,true,3
307,0,194,170,0,-138,true,3
308,0,194,170,0,-138,true,3
309,0,194,170,0,-138,true,3
310,0,194,170,0,-138,true,3
311,0,194,170,0,-138,true,3
312,0,194,170,0,-138,true,3
313,0,194,170,0,-138,true,3
314,0,194,170,0,-138,true,3
315,0,194,170,0,-138,true,3
316,0,194,170,0,-138,true,3
317,0,194,170,0,-138,true,3
318,0,194,170,0,-138,true,3
319,0,194,170,0,-138,true,3
320,0,194,170,0,-138,true,3
321,0,194,170,0,-138,true,3
322,0,194,170,0,-138,true,3
323,0,194,170,0,-138,true,3
324,0,194,170,0,-138,true,3
325,0,194,170,0,-138,true,3
326,0,194,170,0,-138,true,3
327,0,194,170,0,-138,true,3
328,0,194,170,0,-138,true,3
329,0,194,170,0,-138,true,3
330,0,194,170,0,-138,true,3
331,0,194,170,0,-138,true,3
332,0,194,170,0,-138,true,3
333,0,194,170,0,-138,true,3
334,0,194,170,0,-138,true,3
335,0,194,170,0,-138,true,3
336,0,194,170,0,-138,true,3
337,0,194,170,0,-138,true,3
338,0,194,170,0,-138,true,3
339,0,194,170,0,-138,true,3
340,0,194,170,0,-138,true,3
341,0,194,170,0,-138,true,3
342,0,194,170,0,-138,true,3
343,0,194,170,0,-138,true,3
344,0,194,170,0,-138,true,3
345,0,194,170,0,-138,true,3
346,0,194,170,0,-138,true,3
347,0,194,170,0,-138,true,3
348,0,194,170,0,-138,true,3
349,0,194,170,0,-138,true,3
350,0,194,170,0,-138,true,3
351,0,194,170,0,-138,true,3
352,0,194,170,0,-138,true,3
353,0,194,170,0,-138,true,3
354,0,194,170,0,-138,true,3
355,0,194,170,0,-138,true,3
356,0,194,170,0,-138,true,3
357,0,194,170,0,-138,true,3
358,0,194,170,0,-138,true,3
359,0,194,170,0,-138,true,3
360,0,194,170,0,-138,true,3
361,0,194,170,0,-138,true,3
362,0,194,170,0,-138,true,3
363,0,194,170,0,-138,true,3
364,0,194,170,0,-138,true,3
365,0,194,170,0,-138,true,3
366,0,194,170,0,-138,true,3
367,0,194,170,0,-138,true,3
368,0,194,170,0,-138,true,3
369,0,194,170,0,-138,true,3
370,0,194,170,0,-138,true,3
371,0,194,170,0,-138,true,3
372,0,194,170,0,-138,true,3
373,0,194,170,0,-138,true,3
374,0,194,170,0,-138,true,3
375,0,194,170,0,-138,true,3
376,0,194,170,0,-138,true,3
377,0,194,170,0,-138,true,3
378,0,194,170,0,-138,true,3
379,0,194,170,0,-138,true,3
380,0,194,170,0,-138,true,3
381,0,194,170,0,-138,true,3
382,0,194,170,0,-138,true,3
383,0,194,170,0,-138,true,3
384,0,194,170,0,-138,true,3
385,0,194,170,0,-138,true,3
386,0,194,170,0,-138,true,3
387,0,194,170,0,-138,true,3
388,0,194,170,0,-138,true,3
389,0,194,170,0,-138,true,3
390,0,194,170,0,-138,true,3
391,0,194,170,0,-138,true,3
392,0,194,170,0,-138,true,3
393,0,194,170,0,-138,true,3
394,0,194,170,0,-138,true,3
395,0,194,170,0,-138,true,3
396,0,194,170,0,-138,true,3
397,0,194,170,0,-138,true,3
398,0,194,170,0,-138,true,3
399,0,194,170,0,-138,true,3
400,0,194,170,0,-138,true,3
401,0,194,170,0,-138,true,3
402,0,194,170,0,-138,true,3
403,0,194,170,0,-138,true,3
404,0,194,170,0,-138,true,3
405,0,194,170,0,-138,true,3
406,0,194,170,0,-138,true,3
407,0,194,170,0,-138,true,3
408,0,194,170,0,-138,true,3
409,0,194,170,0,-138,true,3
410,0,194,170,0,-138,true,3
411,0,194,170,0,-138,true,3
412,0,194,170,0,-138,true,3
413,0,194,170,0,-138,true,3
414,0,194,170,0,-138,true,3
415,0,194,170,0,-138,true,3
416,0,194,170,0,-138,true,3
417,0,194,170,0,-138,true,3
418,0,194,170,0,-138,true,3
419,0,194,170,0,-138,true,3
420,0,194,170,0,-138,true,3
421,0,194,170,0,-138,true,3
422,0,194,170,0,-138,true,3
423,0,194,170,0,-138,true,3
424,0,194,170,0,-138,true,3
425,0,194,170,0,-138,true,3
426,0,194,170,0,-138,true,3
427,0,194,170,0,-138,true,3
428,0,194,170,0,-138,true,3
429,0,194,170,0,-138,true,3
430,0,194,170,0,-138,true,3
431,0,194,170,0,-138,true,3
432,0,194,170,0,-138,true,3
433,0,194,170,0,-138,true,3
434,0,194,170,0,-138,true,3
435,0,194,170,0,-138,true,3
436,0,194,170,0,-138,true,3
437,0,194,170,0,-138,true,3
438,0,194,170,0,-138,true,3
439,0,194,170,0,-138,true,3
440,0,194,170,0,-138,true,3
441,0,194,170,0,-138,true,3
442,0,194,170,0,-138,true,3
443,0,194,170,0,-138,true,3
444,0,194,170,0,-138,true,3
445,0,194,170,0,-138,true,3
446,0,194,170,0,-138,true,3
447,0,194,170,0,-138,true,3
448,0,194,170,0,-138,true,3
449,0,194,170,0,-138,true,3
450,0,194,170,0,-138,true,3
451,0,194,170,0,-138,true,3
452,0,194,170,0,-138,true,3
453,0,194,170,0,-138,true,3
454,0,194,170,0,-138,true,3
455,0,194,170,0,-138,true,3
456,0,194,170,0,-138,true,3
457,0,194,170,0,-138,true,3
458,0,194,170,0,-138,true,3
459,0,194,170,0,-138,true,3
460,0,194,170,0,-138,true,3
461,0,194,170,0,-138,true,3
462,0,194,170,0,-138,true,3
463,0,194,170,0,-138,true,3
464,0,194,170,0,-138,true,3
465,0,194,170,0,-138,true,3
466,0,194,170,0,-138,true,3
467,0,194,170,0,-138,true,3
468,0,194,170,0,-138,true,3
469,0,194,170,0,-138,true,3
470,0,194,170,0,-138,true,3
471,0,194,170,0,-138,true,3
472,0,194,170,0,-138,true,3
473,0,194,170,0,-138,true,3
474,0,194,170,0,-138,true,3
475,0,194,170,0,-138,true,3
476,0,194,170,0,-138,true,3
477,0,194,170,0,-138,true,3
478,0,194,170,0,-138,true,3
479,0,194,170,0,-138,true,3
480,0,194,170,0,-138,true,3
481,0,194,170,0,-138,true,3
482,0,194,170,0,-138,true,3
483,0,194,170,0,-138,true,3
484,0,194,170,0,-138,true,3
485,0,194,170,0,-138,true,3
486,0,194,170,0,-138,true,3
487,0,194,170,0,-138,true,3
488,0,194,170,0,-138,true,3
489,0,194,170,0,-138,true,3
490,0,194,170,0,-138,true,3
491,0,194,170,0,-138,true,3
492,0,194,170,0,-138,true,3
493,0,194,170,0,-138,true,3
494,0,194,170,0,-138,true,3
495,0,194,170,0,-138,true,3
496,0,194,170,0,-138,true,3
497,0,194,170,0,-138,true,3
498,0,194,170,0,-138,true,3
499,0,194,170,0,-138,true,3
500,0,194,170,0,-138,true,3
501,0,194,170,0,-138,true,3
502,0,194,170,0,-138,true,3
503,0,194,170,0,-138,true,3
504,0,194,170,0,-138,true,3
505,0,194,170,0,-138,true,3
506,0,194,170,0,-138,true,3
507,0,194,170,0,-138,true,3
508,0,194,170,0,-138,true,3
509,0,194,170,0,-138,true,3
510,0,194,170,0,-138,true,3
511,0,194,170,0,-138,true,3
512,0,194,170,0,-138,true,3
513,0,194,170,0,-138,true,3
514,0,194,170,0,-138,true,3
515,0,194,170,0,-138,true,3
516,0,194,170,0,-138,true,3
517,0,194,170,0,-138,true,3
518,0,194,170,0,-138,true,3
519,0,194,170,0,-138,true,3
520,0,194,170,0,-138,true,3
521,0,194,170,0,-138,true,3
522,0,194,170,0,-138,true,3
523,0,194,170,0,-138,true,3
524,0,194,170,0,-138,true,3
525,0,194,170,0,-138,true,3
526,0,194,170,0,-138,true,3
527,0,194,170,0,-138,true,3
528,0,194,170,0,-138,true,3
529,0,194,170,0,-138,true,3
530,0,194,170,0,-138,true,3
531,0,194,170,0,-138,true,3
532,0,194,170,0,-138,true,3
533,0,194,170,0,-138,true,3
534,0,194,170,0,-138,true,3
535,0,194,170,0,-138,true,3
536,0,194,170,0,-138,true,3
537,0,194,170,0,-138,true,3
538,0,194,170,0,-138,true,3
539,0,194,170,0,-138,true,3
540,0,194,170,0,-138,true,3
541,0,194,170,0,-138,true,3
542,0,194,170,0,-138,true,3
543,0,194,170,0,-138,true,3
544,0,194,170,0,-138,true,3
545,0,194,170,0,-138,true,3
546,0,194,170,0,-138,true,3
547,0,194,170,0,-138,true,3
548,0,194,170,0,-138,true,3
549,0,194,170,0,-138,true,3
550,0,194,170,0,-138,true,3
551,0,194,170,0,-138,true,3
552,0,194,170,0,-138,true,3
553,0,194,170,0,-138,true,3
554,0,194,170,0,-138,true,3
555,0,194,170,0,-138,true,3
556,0,194,170,0,-138,true,3
557,0,194,170,0,-138,true,3
558,0,194,170,0,-138,true,3
559,0,194,170,0,-138,true,3
560,0,194,170,0,-138,true,3
561,0,194,170,0,-138,true,3
562,0,194,170,0,-138,true,3
563,0,194,170,0,-138,true,3
564,0,194,170,0,-138,true,3
565,0,194,170,0,-138,true,3
566,0,194,170,0,-138,true,3
567,0,194,170,0,-138,true,3
568,0,194,170,0,-138,true,3
569,0,194,170,0,-138,true,3
570,0,194,170,0,-138,true,3
571,0,194,170,0,-138,true,3
572,0,194,170,0,-138,true,3
573,0,194,170,0,-138,true,3
574,0,194,170,0,-138,true,3
575,0,194,170,0,-138,true,3
576,0,194,170,0,-138,true,3
577,0,194,170,0,-138,true,3
578,0,194,170,0,-138,true,3
579,0,194,170,0,-138,true,3
580,0,194,170,0,-138,true,3
581,0,194,170,0,-138,true,3
582,0,194,170,0,-138,true,3
583,0,194,170,0,-138,true,3
584,0,194,170,0,-138,true,3
585,0,194,170,0,-138,true,3
586,0,194,170,0,-138,true,3
587,0,194,170,0,-138,true,3
588,0,194,170,0,-138,true,3
589,0,194,170,0,-138,true,3
590,0,194,170,0,-138,true,3
591,0,194,170,0,-138,true,3
592,0,194,170,0,-138,true,3
593,0,194,170,0,-138,true,3
594,0,194,170,0,-138,true,3
595,0,194,170,0,-138,true,3
596,0,194,170,0,-138,true,3
597,0,194,170,0,-138,true,3
598,0,194,170,0,-138,true,3
599,0,194,170,0,-138,true,3
600,0,194,170,0,-138,true,3
601,0,194,170,0,-138,true,3
602,0,194,170,0,-138,true,3
603,0,194,170,0,-138,true,3
604,0,194,170,0,-138,true,3
605,0,194,170,0,-138,true,3
606,0,194,170,0,-138,true,3
607,0,194,170,0,-138,true,3
608,0,194,170,0,-138,true,3
609,0,194,170,0,-138,true,3
610,0,194,170,0,-138,true,3
611,0,194,170,0,-138,true,3
612,0,194,170,0,-138,true,3
613,0,194,170,0,-138,true,3
614,0,194,170,0,-138,true,3
615,0,194,170,0,-138,true,3
616,0,194,170,0,-138,true,3
617,0,194,170,0,-138,true,3
618,0,194,170,0,-138,true,3
619,0,194,170,0,-138,true,3
620,0,194,170,0,-138,true,3
621,0,194,170,0,-138,true,3
622,0,194,170,0,-138,true,3
623,0,194,170,0,-138,true,3
624,0,194,170,0,-138,true,3
625,0,194,170,0,-138,true,3
626,0,194,170,0,-138,true,3
627,0,194,170,0,-138,true,3
628,0,194,170,0,-138,true,3
629,0,194,170,0,-138,true,3
630,0,194,170,0,-138,true,3
631,0,194,170,0,-138,true,3
632,0,194,170,0,-138,true,3
633,0,194,170,0,-138,true,3
634,0,194,170,0,-138,true,3
635,0,194,170,0,-138,true,3
636,0,194,170,0,-138,true,3
637,0,194,170,0,-138,true,3
638,0,194,170,0,-138,true,3
639,0,194,170,0,-138,true,3
640,0,194,170,0,-138,true,3
641,0,194,170,0,-138,true,3
642,0,194,170,0,-138,true,3
643,0,194,170,0,-138,true,3
644,0,194,170,0,-138,true,3
645,0,194,170,0,-138,true,3
646,0,194,170,0,-138,true,3
647,0,194,170,0,-138,true,3
648,0,194,170,0,-138,true,3
649,0,194,170,0,-138,true,3
650,0,194,170,0,-138,true,3
651,0,194,170,0,-138,true,3
652,0,194,170,0,-138,true,3
653,0,194,170,0,-138,true,3
654,0,194,170,0,-138,true,3
655,0,194,170,0,-138,true,3
656,0,194,170,0,-138,true,3
657,0,194,170,0,-138,true,3
658,0,194,170,0,-138,true,3
659,0,194,170,0,-138,true,3
660,0,194,170,0,-138,true,3
661,0,194,170,0,-138,true,3
662,0,194,170,0,-138,true,3
663,0,194,170,0,-138,true,3
664,0,194,170,0,-138,true,3
665,0,194,170,0,-138,true,3
666,0,194,170,0,-138,true,3
667,0,194,170,0,-138,true,3
668,0,194,170,0,-138,true,3
669,0,194,170,0,-138,true,3
670,0,194,170,0,-138,true,3
671,0,194,170,0,-138,true,3
672,0,194,170,0,-138,true,3
673,0,194,170,0,-138,true,3
674,0,194,170,0,-138,true,3
675,0,194,170,0,-138,true,3
676,0,194,170,0,-138,true,3
677,0,194,170,0,-138,true,3
678,0,194,170,0,-138,true,3
679,0,194,170,0,-138,true,3
680,0,194,170,0,-138,true,3
681,0,194,170,0,-138,true,3
682,0,194,170,0,-138,true,3
683,0,194,170,0,-138,true,3
684,0,194,170,0,-138,true,3
685,0,194,170,0,-138,true,3
686,0,194,170,0,-138,true,3
687,0,194,170,0,-138,true,3
688,0,194,170,0,-138,true,3
689,0,194,170,0,-138,true,3
690,0,194,170,0,-138,true,3
691,0,194,170,0,-138,true,3
692,0,194,170,0,-138,true,3
693,0,194,170,0,-138,true,3
694,0,194,170,0,-138,true,3
695,0,194,170,0,-138,true,3
696,0,194,170,0,-138,true,3
697,0,194,170,0,-138,true,3
698,0,194,170,0,-138,true,3
699,0,194,170,0,-138,true,3
700,0,194,170,0,-138,true,3
701,0,194,170,0,-138,true,3
702,0,194,170,0,-138,true,3
703,0,194,170,0,-138,true,3
704,0,194,170,0,-138,true,3
705,0,194,170,0,-138,true,3
706,0,194,170,0,-138,true,3
707,0,194,170,0,-138,true,3
708,0,194,170,0,-138,true,3
709,0,194,170,0,-138,true,3
710,0,194,170,0,-138,true,3
711,0,194,170,0,-138,true,3
712,0,194,170,0,-138,true,3
713,0,194,170,0,-138,true,3
714,0,194,170,0,-138,true,3
715,0,194,170,0,-138,true,3
716,0,194,170,0,-138,true,3
717,0,194,170,0,-138,true,3
718,0,194,170,0,-138,true,3
719,0,194,170,0,-138,true,3
720,0,194,170,0,-138,true,3
721,0,194,170,0,-138,true,3
722,0,194,170,0,-138,true,3
723,0,194,170,0,-138,true,3
724,0,194,170,0,-138,true,3
725,0,194,170,0,-138,true,3
726,0,194,170,0,-138,true,3
727,0,194,170,0,-138,true,3
728,0,194,170,0,-138,true,3
729,0,194,170,0,-138,true,3
730,0,194,170,0,-138,true,3
731,0,194,170,0,-138,true,3
732,0,194,170,0,-138,true,3
733,0,194,170,0,-138,true,3
734,0,194,170,0,-138,true,3
735,0,194,170,0,-138,true,3
736,0,194,170,0,-138,true,3
737,0,194,170,0,-138,true,3
738,0,194,170,0,-138,true,3
739,0,194,170,0,-138,true,3
740,0,194,170,0,-138,true,3
741,0,194,170,0,-138,true,3
742,0,194,170,0,-138,true,3
743,0,194,170,0,-138,true,3
744,0,194,170,0,-138,true,3
745,0,194,170,0,-138,true,3
746,0,194,170,0,-138,true,3
747,0,194,170,0,-138,true,3
748,0,194,170,0,-138,true,3
749,0,194,170,0,-138,true,3
750,0,194,170,0,-138,true,3
751,0,194,170,0,-138,true,3
752,0,194,170,0,-138,true,3
753,0,194,170,0,-138,true,3
754,0,194,170,0,-138,true,3
755,0,194,170,0,-138,true,3
756,0,194,170,0,-138,true,3
757,0,194,170,0,-138,true,3
758,0,194,170,0,-138,true,3
759,0,194,170,0,-138,true,3
760,0,194,170,0,-138,true,3
761,0,194,170,0,-138,true,3
762,0,194,170,0,-138,true,3
763,0,194,170,0,-138,true,3
764,0,194,170,0,-138,true,3
765,0,194,170,0,-138,true,3
766,0,194,170,0,-138,true,3
767,0,194,170,0,-138,true,3
768,0,194,170,0,-138,true,3
769,0,194,170,0,-138,true,3
770,0,194,170,0,-138,true,3
771,0,194,170,0,-138,true,3
772,0,194,170,0,-138,true,3
773,0,194,170,0,-138,true,3
774,0,194,170,0,-138,true,3
775,0,194,170,0,-138,true,3
776,0,194,170,0,-138,true,3
777,0,194,170,0,-138,true,3
778,0,194,170,0,-138,true,3
779,0,194,170,0,-138,true,3
780,0,194,170,0,-138,true,3
781,0,194,170,0,-138,true,3
782,0,194,170,0,-138,true,3
783,0,194,170,0,-138,true,3
784,0,194,170,0,-138,true,3
785,0,194,170,0,-138,true,3
786,0,194,170,0,-138,true,3
787,0,194,170,0,-138,true,3
788,0,194,170,0,-138,true,3
789,0,194,170,0,-138,true,3
790,0,194,170,0,-138,true,3
791,0,194,170,0,-138,true,3
792,0,194,170,0,-138,true,3
793,0,194,170,0,-138,true,3
794,0,194,170,0,-138,true,3
795,0,194,170,0,-138,true,3
796,0,194,170,0,-138,true,3
797,0,194,170,0,-138,true,3
798,0,194,170,0,-138,true,3
799,0,194,170,0,-138,true,3
800,0,194,170,0,-138,true,3
801,0,194,170,0,-138,true,3
802,0,194,170,0,-138,true,3
803,0,194,170,0,-138,true,3
804,0,194,170,0,-138,true,3
805,0,194,170,0,-138,true,3
806,0,194,170,0,-138,true,3
807,0,194,170,0,-138,true,3
808,0,194,170,0,-138,true,3
809,0,194,170,0,-138,true,3
810,0,194,170,0,-138,true,3
811,0,194,170,0,-138,true,3
812,0,194,170,0,-138,true,3
813,0,194,170,0,-138,true,3
814,0,194,170,0,-138,true,3
815,0,194,170,0,-138,true,3
816,0,194,170,0,-138,true,3
817,0,194,170,0,-138,true,3
818,0,194,170,0,-138,true,3
819,0,194,170,0,-138,true,3
820,0,194,170,0,-138,true,3
821,0,194,170,0,-138,true,3
822,0,194,170,0,-138,true,3
823,0,194,170,0,-138,true,3
824,0,194,170,0,-138,true,3
825,0,194,170,0,-138,true,3
826,0,194,170,0,-138,true,3
827,0,194,170,0,-138,true,3
828,0,194,170,0,-138,true,3
829,0,194,170,0,-138,true,3
830,0,194,170,0,-138,true,3
831,0,194,170,0,-138,true,3
832,0,194,170,0,-138,true,3
833,0,194,170,0,-138,true,3
834,0,194,170,0,-138,true,3
835,0,194,170,0,-138,true,3
836,0,194,170,0,-138,true,3
837,0,194,170,0,-138,true,3
838,0,194,170,0,-138,true,3
839,0,194,170,0,-138,true,3
840,0,194,170,0,-138,true,3
841,0,194,170,0,-138,true,3
842,0,194,170,0,-138,true,3
843,0,194,170,0,-138,true,3
844,0,194,170,0,-138,true,3
845,0,194,170,0,-138,true,3
846,0,194,170,0,-138,true,3
847,0,194,170,0,-138,true,3
848,0,194,170,0,-138,true,3
849,0,194,170,0,-138,true,3
850,0,194,170,0,-138,true,3
851,0,194,170,0,-138,true,3
852,0,194,170,0,-138,true,3
853,0,194,170,0,-138,true,3
854,0,194,170,0,-138,true,3
855,0,194,170,0,-138,true,3
856,0,194,170,0,-138,true,3
857,0,194,170,0,-138,true,3
858,0,194,170,0,-138,true,3
859,0,194,170,0,-138,true,3
860,0,194,170,0,-138,true,3
861,0,194,170,0,-138,true,3
862,0,194,170,0,-138,true,3
863,0,194,170,0,-138,true,3
864,0,194,170,0,-138,true,3
865,0,194,170,0,-138,true,3
866,0,194,170,0,-138,true,3
867,0,194,170,0,-138,true,3
868,0,194,170,0,-138,true,3
869,0,194,170,0,-138,true,3
870,0,194,170,0,-138,true,3
871,0,194,170,0,-138,true,3
872,0,194,170,0,-138,true,3
873,0,194,170,0,-138,true,3
874,0,194,170,0,-138,true,3
875,0,194,170,0,-138,true,3
876,0,194,170,0,-138,true,3
877,0,194,170,0,-138,true,3
878,0,194,170,0,-138,true,3
879,0,194,170,0,-138,true,3
880,0,194,170,0,-138,true,3
881,0,194,170,0,-138,true,3
882,0,194,170,0,-138,true,3
883,0,194,170,0,-138,true,3
884,0,194,170,0,-138,true,3
885,0,194,170,0,-138,true,3
886,0,194,170,0,-138,true,3
887,0,194,170,0,-138,true,3
888,0,194,170,0,-138,true,3
889,0,194,170,0,-138,true,3
890,0,194,170,0,-138,true,3
891,0,194,170,0,-138,true,3
892,0,194,170,0,-138,true,3
893,0,194,170,0,-138,true,3
894,0,194,170,0,-138,true,3
895,0,194,170,0,-138,true,3
896,0,194,170,0,-138,true,3
897,0,194,170,0,-138,true,3
898,0,194,170,0,-138,true,3
899,0,194,170,0,-138,true,3
900,0,194,170,0,-138,true,3
901,0,194,170,0,-138,true,3
902,0,194,170,0,-138,true,3
903,0,194,170,0,-138,true,3
904,0,194,170,0,-138,true,3
905,0,194,170,0,-138,true,3
906,0,194,170,0,-138,true,3
907,0,194,170,0,-138,true,3
908,0,194,170,0,-138,true,3
909,0,194,170,0,-138,true,3
910,0,194,170,0,-138,true,3
911,0,194,170,0,-138,true,3
912,0,194,170,0,-138,true,3
913,0,194,170,0,-138,true,3
914,0,194,170,0,-138,true,3
915,0,194,170,0,-138,true,3
916,0,194,170,0,-138,true,3
917,0,194,170,0,-138,true,3
918,0,194,170,0,-138,true,3
919,0,194,170,0,-138,true,3
920,0,194,170,0,-138,true,3
921,0,194,170,0,-138,true,3
922,0,194,170,0,-138,true,3
923,0,194,170,0,-138,true,3
924,0,194,170,0,-138,true,3
925,0,194,170,0,-138,true,3
926,0,194,170,0,-138,true,3
927,0,194,170,0,-138,true,3
928,0,194,170,0,-138,true,3
929,0,194,170,0,-138,true,3
930,0,194,170,0,-138,true,3
931,0,194,170,0,-138,true,3
932,0,194,170,0,-138,true,3
933,0,194,170,0,-138,true,3
934,0,194,170,0,-138,true,3
935,0,194,170,0,-138,true,3
936,0,194,170,0,-138,true,3
937,0,194,170,0,-138,true,3
938,0,194,170,0,-138,true,3
939,0,194,170,0,-138,true,3
940,0,194,170,0,-138,true,3
941,0,194,170,0,-138,true,3
942,0,194,170,0,-138,true,3
943,0,194,170,0,-138,true,3
944,0,194,170,0,-138,true,3
945,0,194,170,0,-138,true,3
946,0,194,170,0,-138,true,3
947,0,194,170,0,-138,true,3
948,0,194,170,0,-138,true,3
949,0,194,170,0,-138,true,3
950,0,194,170,0,-138,true,3
951,0,194,170,0,-138,true,3
952,0,194,170,0,-138,true,3
953,0,194,170,0,-138,true,3
954,0,194,170,0,-138,true,3
955,0,194,170,0,-138,true,3
956,0,194,170,0,-138,true,3
957,0,194,170,0,-138,true,3
958,0,194,170,0,-138,true,3
959,0,194,170,0,-138,true,3
960,0,194,170,0,-138,true,3
961,0,194,170,0,-138,true,3
962,0,194,170,0,-138,true,3
963,0,194,170,0,-138,true,3
964,0,194,170,0,-138,true,3
965,0,194,170,0,-138,true,3
966,0,194,170,0,-138,true,3
967,0,194,170,0,-138,true,3
968,0,194,170,0,-138,true,3
969,0,194,170,0,-138,true,3
970,0,194,170,0,-138,true,3
971,0,194,170,0,-138,true,3
972,0,194,170,0,-138,true,3
973,0,194,170,0,-138,true,3
974,0,194,170,0,-138,true,3
975,0,194,170,0,-138,true,3
976,0,194,170,0,-138,true,3
977,0,194,170,0,-138,true,3
978,0,194,170,0,-138,true,3
979,0,194,170,0,-138,true,3
980,0,194,170,0,-138,true,3
981,0,194,170,0,-138,true,3
982,0,194,170,0,-138,true,3
983,0,194,170,0,-138,true,3
984,0,194,170,0,-138,true,3
985,0,194,170,0,-138,true,3
986,0,194,170,0,-138,true,3
987,0,194,170,0,-138,true,3
988,0,194,170,0,-138,true,3
989,0,194,170,0,-138,true,3
990,0,194,170,0,-138,true,3
991,0,194,170,0,-138,true,3
992,0,194,170,0,-138,true,3
993,0,194,170,0,-138,true,3
994,0,194,170,0,-138,true,3
995,0,194,170,0,-138,true,3
996,0,194,170,0,-138,true,3
997,0,194,170,0,-138,true,3
998,0,194,170,0,-138,true,3
999,0,194,170,0,-138,true,3
1000,0,194,170,0,-138,true,3
1001,0,194,170,0,-138,true,3
1002,0,194,170,0,-138,true,3
1003,0,194,170,0,-138,true,3
1004,0,194,170,0,-138,true,3
1005,0,194,170,0,-138,true,3
1006,0,194,170,0,-138,true,3
1007,0,194,170,0,-138,true,3
1008,0,194,170,0,-138,true,3
1009,0,194,170,0,-138,true,3
1010,0,194,170,0,-138,true,3
1011,0,194,170,0,-138,true,3
1012,0,194,170,0,-138,true,3
1013,0,194,170,0,-138,true,3
1014,0,194,170,0,-138,true,3
1015,0,194,170,0,-138,true,3
1016,0,194,170,0,-138,true,3
1017,0,194,170,0,-138,true,3
1018,0,194,170,0,-138,true,3
1019,0,194,170,0,-138,true,3
1020,0,194,170,0,-138,true,3
1021,0,194,170,0,-138,true,3
1022,0,194,170,0,-138,true,3
1023,0,194,170,0,-138,true,3
1024,0,194,170,0,-138,true,3
1025,0,194,170,0,-138,true,3
1026,0,194,170,0,-138,true,3
1027,0,194,170,0,-138,true,3
1028,0,194,170,0,-138,true,3
1029,0,194,170,0,-138,true,3
1030,0,194,170,0,-138,true,3
1031,0,194,170,0,-138,true,3
1032,0,194,170,0,-138,true,3
1033,0,194,170,0,-138,true,3
1034,0,194,170,0,-138,true,3
1035,0,194,170,0,-138,true,3
1036,0,194,170,0,-138,true,3
1037,0,194,170,0,-138,true,3
1038,0,194,170,0,-138,true,3
1039,0,194,170,0,-138,true,3
1040,0,194,170,0,-138,true,3
1041,0,194,170,0,-138,true,3
1042,0,194,170,0,-138,true,3
1043,0,194,170,0,-138,true,3
1044,0,194,170,0,-138,true,3
1045,0,194,170,0,-138,true,3
1046,0,194,170,0,-138,true,3
1047,0,194,170,0,-138,true,3
1048,0,194,170,0,-138,true,3
1049,0,194,170,0,-138,true,3
1050,0,194,170,0,-138,true,3
1051,0,194,170,0,-138,true,3
1052,0,194,170,0,-138,true,3
1053,0,194,170,0,-138,true,3
1054,0,194,170,0,-138,true,3
1055,0,194,170,0,-138,true,3
1056,0,194,170,0,-138,true,3
1057,0,194,170,0,-138,true,3
1058,0,194,170,0,-138,true,3
1059,0,194,170,0,-138,true,3
1060,0,194,170,0,-138,true,3
1061,0,194,170,0,-138,true,3
1062,0,194,170,0,-138,true,3
1063,0,194,170,0,-138,true,3
1064,0,194,170,0,-138,true,3
1065,0,194,170,0,-138,true,3
1066,0,194,170,0,-138,true,3
1067,0,194,170,0,-138,true,3
1068,0,194,170,0,-138,true,3
1069,0,194,170,0,-138,true,3
1070,0,194,170,0,-138,true,3
1071,0,194,170,0,-138,true,3
1072,0,194,170,0,-138,true,3
1073,0,194,170,0,-138,true,3
1074,0,194,170,0,-138,true,3
1075,0,194,170,0,-138,true,3
1076,0,194,170,0,-138,true,3
1077,0,194,170,0,-138,true,3
1078,0,194,170,0,-138,true,3
1079,0,194,170,0,-138,true,3
1080,0,194,170,0,-138,true,3
1081,0,194,170,0,-138,true,3
1082,0,194,170,0,-138,true,3
1083,0,194,170,0,-138,true,3
1084,0,194,170,0,-138,true,3
1085,0,194,170,0,-138,true,3
1086,0,194,170,0,-138,true,3
1087,0,194,170,0,-138,true,3
1088,0,194,170,0,-138,true,3
1089,0,194,170,0,-138,true,3
1090,0,194,170,0,-138,true,3
1091,0,194,170,0,-138,true,3
1092,0,194,170,0,-138,true,3
1093,0,194,170,0,-138,true,3
1094,0,194,170,0,-138,true,3
1095,0,194,170,0,-138,true,3
1096,0,194,170,0,-138,true,3
1097,0,194,170,0,-138,true,3
1098,0,194,170,0,-138,true,3
1099,0,194,170,0,-138,true,3
1100,0,194,170,0,-138,true,3
1101,0,194,170,0,-138,true,3
1102,0,194,170,0,-138,true,3
1103,0,194,170,0,-138,true,3
1104,0,194,170,0,-138,true,3
1105,0,194,170,0,-138,true,3
1106,0,194,170,0,-138,true,3
1107,0,194,170,0,-138,true,3
1108,0,194,170,0,-138,true,3
1109,0,194,170,0,-138,true,3
1110,0,194,170,0,-138,true,3
1111,0,194,170,0,-138,true,3
1112,0,194,170,0,-138,true,3
1113,0,194,170,0,-138,true,3
1114,0,194,170,0,-138,true,3
1115,0,194,170,0,-138,true,3
1116,0,194,170,0,-138,true,3
1117,0,194,170,0,-138,true,3
1118,0,194,170,0,-138,true,3
1119,0,194,170,0,-138,true,3
1120,0,194,170,0,-138,true,3
1121,0,194,170,0,-138,true,3
1122,0,194,170,0,-138,true,3
1123,0,194,170,0,-138,true,3
1124,0,194,170,0,-138,true,3
1125,0,194,170,0,-138,true,3
1126,0,194,170,0,-138,true,3
1127,0,194,170,0,-138,true,3
1128,0,194,170,0,-138,true,3
1129,0,194,170,0,-138,true,3
1130,0,194,170,0,-138,true,3
1131,0,194,170,0,-138,true,3
1132,0,194,170,0,-138,true,3
1133,0,194,170,0,-138,true,3
1134,0,194,170,0,-138,true,3
1135,0,194,170,0,-138,true,3
1136,0,194,170,0,-138,true,3
1137,0,194,170,0,-138,true,3
1138,0,194,170,0,-138,true,3
1139,0,194,170,0,-138,true,3
1140,0,194,170,0,-138,true,3
1141,0,194,170,0,-138,true,3
1142,0,194,170,0,-138,true,3
1143,0,194,170,0,-138,true,3
1144,0,194,170,0,-138,true,3
1145,0,194,170,0,-138,true,3
1146,0,194,170,0,-138,true,3
1147,0,194,170,0,-138,true,3
1148,0,194,170,0,-138,true,3
1149,0,194,170,0,-138,true,3
1150,0,194,170,0,-138,true,3
1151,0,194,170,0,-138,true,3
1152,0,194,170,0,-138,true,3
1153,0,194,170,0,-138,true,3
1154,0,194,170,0,-138,true,3
1155,0,194,170,0,-138,true,3
1156,0,194,170,0,-138,true,3
1157,0,194,170,0,-138,true,3
1158,0,194,170,0,-138,true,3
1159,0,194,170,0,-138,true,3
1160,0,194,170,0,-138,true,3
1161,0,194,170,0,-138,true,3
1162,0,194,170,0,-138,true,3
1163,0,194,170,0,-138,true,3
1164,0,194,170,0,-138,true,3
1165,0,194,170,0,-138,true,3
1166,0,194,170,0,-138,true,3
1167,0,194,170,0,-138,true,3
1168,0,194,170,0,-138,true,3
1169,0,194,170,0,-138,true,3
1170,0,194,170,0,-138,true,3
1171,0,194,170,0,-138,true,3
1172,0,194,170,0,-138,true,3
1173,0,194,170,0,-138,true,3
1174,0,194,170,0,-138,true,3
1175,0,194,170,0,-138,true,3
1176,0,194,170,0,-138,true,3
1177,0,194,170,0,-138,true,3
1178,0,194,170,0,-138,true,3
1179,0,194,170,0,-138,true,3
1180,0,194,170,0,-138,true,3
1181,0,194,170,0,-138,true,3
1182,0,194,170,0,-138,true,3
1183,0,194,170,0,-138,true,3
1184,0,194,170,0,-138,true,3
1185,0,194,170,0,-138,true,3
1186,0,194,170,0,-138,true,3
1187,0,194,170,0,-138,true,3
1188,0,194,170,0,-138,true,3
1189,0,194,170,0,-138,true,3
1190,0,194,170,0,-138,true,3
1191,0,194,170,0,-138,true,3
1192,0,194,170,0,-138,true,3
1193,0,194,170,0,-138,true,3
1194,0,196,172,0,-138,true,3
1195,0,197,174,0,-138,true,3
1196,0,199,176,0,-138,true,3
1197,0,201,178,0,-138,true,3
1198,0,203,180,0,-138,true,3
1199,0,204,182,0,-138,true,3
1200,0,206,184,0,-138,true,3
1201,0,208,186,0,-138,true,3
1202,0,210,188,0,-138,true,3
1203,0,212,190,0,-138,true,3
1204,0,213,192,0,-138,true,3
1205,0,215,194,0,-138,true,3
1206,0,217,196,0,-138,true,3
1207,0,219,198,0,-138,true,3
1208,0,221,200,0,-138,true,3
1209,0,222,202,0,-138,true,3
1210,0,224,204,0,-138,true,3
1211,0,226,206,0,-138,true,3
1212,0,228,208,0,-138,true,3
1213,0,230,210,0,-138,true,3
1214,0,231,212,0,-138,false,
1215,0,233,214,0,-138,false,
1216,0,235,216,0,-138,false,
1217,0,237,218,0,-138,false,
1218,0,239,220,0,-138,false,
1219,0,240,222,0,-138,false,
1220,0,242,224,0,-138,false,
1221,0,244,226,0,-138,false,
1222,0,246,228,0,-138,false,
1223,0,248,230,0,-138,false,
1224,0,249,232,0,-138,false,
1225,0,251,234,0,-138,false,
1226,0,253,236,0,-138,false,
1227,0,255,238,0,-138,false,
1228,0,256,240,0,-138,false,
1229,0,258,242,0,-138,false,
1230,0,260,244,0,-138,false,
1231,0,262,246,0,-138,false,
1232,0,264,248,0,-138,false,
1233,0,265,250,0,-138,false,
1234,0,267,252,0,-138,false,
1235,0,269,254,0,-138,false,
1236,0,271,256,0,-138,false,
1237,0,273,258,0,-138,false,
1238,0,274,260,0,-138,false,
1239,0,276,262,0,-138,false,
1240,0,278,264,0,-138,false,
1241,0,280,266,0,-138,false,
1242,0,282,268,0,-138,false,
1243,0,283,270,0,-138,false,
1244,0,285,272,0,-138,false,
1245,0,287,274,0,-138,false,
1246,0,289,276,0,-138,false,
1247,0,291,279,0,-138,false,
1248,0,292,281,0,-138,false,
1249,0,294,283,0,-138,false,
1250,0,296,285,0,-138,false,
1251,0,298,287,0,-138,false,
1252,0,300,289,0,-138,false,
1253,0,301,291,0,-138,false,
1254,0,303,293,0,-138,false,
1255,0,305,295,0,-138,false,
1256,0,307,297,0,-138,false,
1257,0,309,299,0,-138,false,
1258,0,310,301,0,-138,false,
1259,0,312,303,0,-138,false,
1260,0,314,305,0,-138,false,
1261,0,316,307,0,-138,false,
1262,0,317,309,0,-138,false,
1263,0,319,311,0,-138,false,
1264,0,321,313,0,-138,false,
1265,0,323,315,0,-138,false,
1266,0,325,317,0,-138,false,
1267,0,326,319,0,-138,false,
1268,0,328,321,0,-138,false,
1269,0,330,323,0,-138,false,
1270,0,332,325,0,-138,false,
1271,0,334,327,0,-138,false,
1272,0,335,329,0,-138,false,
1273,0,337,331,0,-138,false,
1274,0,339,333,0,-138,false,
1275,0,341,335,0,-138,false,
1276,0,343,337,0,-138,false,
1277,0,344,339,0,-138,false,
1278,0,346,341,0,-138,false,
1279,0,348,343,0,-138,false,
1280,0,350,345,0,-138,false,
1281,0,352,347,0,-138,false,
1282,0,353,349,0,-138,false,
1283,0,355,351,0,-138,false,
1284,0,357,353,0,-138,false,
1285,0,359,355,0,-138,false,
1286,0,361,357,0,-138,false,
1287,0,362,359,0,-138,false,
1288,0,364,361,0,-138,false,
1289,0,366,363,0,-138,false,
1290,0,368,365,0,-138,false,
1291,0,369,367,0,-138,false,
1292,0,371,369,0,-138,false,
1293,0,373,371,0,-138,false,
1294,0,375,373,0,-138,false,
1295,0,377,375,0,-138,false,
1296,0,378,377,0,-138,false,
1297,0,380,379,0,-138,false,
1298,0,382,381,0,-138,false,
1299,0,384,383,0,-138,false,
1300,0,386,385,0,-138,false,
1301,0,387,387,0,-138,false,
1302,0,389,390,0,-138,false,
1303,0,391,392,0,-138,false,
1304,0,393,394,0,-138,false,
1305,0,395,396,0,-138,false,
1306,0,396,398,0,-138,false,
1307,0,398,400,0,-138,false,
1308,0,400,402,0,-138,false,
1309,0,402,404,0,-138,false,
1310,0,404,406,0,-138,false,
1311,0,405,408,0,-138,false,
1312,0,407,410,0,-138,false,
1313,0,409,412,0,-138,false,
1314,0,411,414,0,-138,false,
1315,0,413,416,0,-138,false,
1316,0,414,418,0,-138,false,
1317,0,416,420,0,-138,false,
1318,0,418,422,0,-138,false,
1319,0,420,424,0,-138,false,
1320,0,422,426,0,-138,false,
1321,0,423,428,0,-138,false,
1322,0,425,430,0,-138,false,
1323,0,427,432,0,-138,false,
1324,0,429,434,0,-138,false,
1325,0,430,436,0,-138,false,
1326,0,432,438,0,-138,false,
1327,0,434,440,0,-138,false,
1328,0,436,442,0,-138,false,
1329,0,438,444,0,-138,false,
1330,0,439,446,0,-138,false,
1331,0,441,448,0,-138,false,
1332,0,443,450,0,-138,false,
1333,0,445,452,0,-138,false,
1334,0,447,454,0,-138,false,
1335,0,448,456,0,-138,false,
1336,0,450,458,0,-138,false,
1337,0,452,460,0,-138,false,
1338,0,454,462,0,-138,false,
1339,0,456,464,0,-138,false,
1340,0,457,466,0,-138,false,
1341,0,459,468,0,-138,false,
1342,0,461,470,0,-138,false,
1343,0,463,472,0,-138,false,
1344,0,465,474,0,-138,false,
1345,0,466,476,0,-138,false,
1346,0,468,478,0,-138,false,
1347,0,470,480,0,-138,false,
1348,0,472,482,0,-138,false,
1349,0,474,484,0,-138,false,
1350,0,475,486,0,-138,false,
1351,0,477,488,0,-138,false,
1352,0,479,490,0,-138,false,
1353,0,481,492,0,-138,false,
1354,0,482,494,0,-138,false,
1355,0,484,496,0,-138,false,
1356,0,486,498,0,-138,false,
1357,0,488,501,0,-138,false,
1358,0,490,503,0,-138,false,
1359,0,491,505,0,-138,false,
1360,0,493,507,0,-138,false,
1361,0,495,509,0,-138,false,
1362,0,497,511,0,-138,false,
1363,0,499,513,0,-138,false,
1364,0,500,515,0,-138,false,
1365,0,502,517,0,-138,false,
1366,0,504,519,0,-138,false,
1367,0,506,521,0,-138,false,
1368,0,508,523,0,-138,false,
1369,0,509,525,0,-138,false,
1370,0,511,527,0,-138,false,
1371,0,513,529,0,-138,false,
1372,0,515,531,0,-138,false,
1373,0,517,533,0,-138,false,
1374,0,518,535,0,-138,false,
1375,0,522,539,0,-138,true,2
1376,0,524,541,0,-138,true,2
1377,0,526,543,0,-138,true,2
1378,0,527,545,0,-138,true,2
1379,0,529,547,0,-138,true,2
1380,0,531,549,0,-138,true,2
1381,0,533,551,0,-138,true,2
1382,0,534,553,0,-138,true,2
1383,0,536,555,0,-138,true,2
1384,0,538,557,0,-138,true,2
1385,0,540,559,0,-138,true,2
1386,0,542,561,0,-138,true,2
1387,0,543,563,0,-138,true,2
1388,0,545,565,0,-138,true,2
1389,0,547,567,0,-138,true,2
1390,0,549,569,0,-138,true,2
1391,0,551,571,0,-138,true,2
1392,0,552,573,0,-138,true,2
1393,0,554,575,0,-138,true,2
1394,0,556,577,0,-138,true,2
1395,0,558,579,0,-138,true,2
1396,0,560,581,0,-138,true,2
1397,0,561,583,0,-138,true,2
1398,0,563,585,0,-138,true,2
1399,0,565,587,0,-138,true,2
1400,0,567,589,0,-138,true,2
1401,0,569,591,0,-138,true,2
1402,0,570,593,0,-138,true,2
1403,0,572,595,0,-138,true,2
1404,0,574,597,0,-138,true,2
1405,0,576,599,0,-138,true,2
1406,0,578,601,0,-138,true,2
1407,0,579,603,0,-138,true,2
1408,0,581,605,0,-138,true,2
1409,0,583,607,0,-138,false,
1410,0,585,609,0,-138,false,
1411,0,587,611,0,-138,false,
1412,0,588,614,0,-138,false,
1413,0,590,616,0,-138,false,
1414,0,592,618,0,-138,false,
1415,0,594,620,0,-138,false,
1416,0,595,622,0,-138,false,
1417,0,597,624,0,-138,false,
1418,0,599,626,0,-138,false,
1419,0,601,628,0,-138,false,
1420,0,603,630,0,-138,false,
1421,0,604,632,0,-138,false,
1422,0,606,634,0,-138,false,
1423,0,608,636,0,-138,false,
1424,0,610,638,0,-138,false,
1425,0,612,640,0,-138,false,
1426,0,613,642,0,-138,false,
1427,0,615,644,0,-138,false,
1428,0,617,646,0,-138,false,
1429,0,619,648,0,-138,false,
1430,0,621,650,0,-138,false,
1431,0,622,652,0,-138,false,
1432,0,624,654,0,-138,false,
1433,0,626,656,0,-138,false,
1434,0,628,658,0,-138,false,
1435,0,630,660,0,-138,false,
1436,0,631,662,0,-138,false,
1437,0,633,664,0,-138,false,
1438,0,635,666,0,-138,false,
1439,0,637,668,0,-138,false,
1440,0,639,670,0,-138,false,
1441,0,640,672,0,-138,false,
1442,0,642,674,0,-138,false,
1443,0,644,676,0,-138,false,
1444,0,646,678,0,-138,false,
1445,0,647,680,0,-138,false,
1446,0,649,682,0,-138,false,
1447,0,651,684,0,-138,false,
1448,0,653,686,0,-138,false,
1449,0,655,688,0,-138,false,
1450,0,656,690,0,-138,false,
1451,0,658,692,0,-138,false,
1452,0,660,694,0,-138,false,
1453,0,662,696,0,-138,false,
1454,0,664,698,0,-138,false,
1455,0,665,700,0,-138,false,
1456,0,667,702,0,-138,false,
1457,0,669,704,0,-138,false,
1458,0,671,706,0,-138,false,
1459,0,673,708,0,-138,false,
1460,0,674,710,0,-138,false,
1461,0,676,712,0,-138,false,
1462,0,678,714,0,-138,false,
1463,0,680,716,0,-138,false,
1464,0,682,718,0,-138,false,
1465,0,683,720,0,-138,false,
1466,0,685,722,0,-138,false,
1467,0,687,725,0,-138,false,
1468,0,689,727,0,-138,false,
1469,0,691,729,0,-138,false,
1470,0,692,731,0,-138,false,
1471,0,694,733,0,-138,false,
1472,0,696,735,0,-138,false,
1473,0,698,737,0,-138,false,
1474,0,700,739,0,-138,false,
1475,0,701,741,0,-138,false,
1476,0,703,743,0,-138,false,
1477,0,705,745,0,-138,false,
1478,0,707,747,0,-138,false,
1479,0,708,749,0,-138,false,
1480,0,710,751,0,-138,false,
1481,0,712,2,0,-138,false,
1482,0,714,4,0,-138,false,
1483,0,716,6,0,-138,false,
1484,0,717,8,0,-138,false,
1485,0,719,10,0,-138,false,
1486,0,721,12,0,-138,false,
1487,0,723,14,0,-138,false,
1488,0,725,16,0,-138,false,
1489,0,726,18,0,-138,false,
1490,0,728,20,0,-138,false,
1491,0,730,22,0,-138,false,
1492,0,732,24,0,-138,false,
1493,0,734,26,0,-138,false,
1494,0,735,28,0,-138,false,
1495,0,737,30,0,-138,false,
1496,0,739,32,0,-138,false,
1497,0,741,34,0,-138,false,
1498,0,743,36,0,-138,false,
1499,0,744,38,0,-138,false,
1500,0,746,40,0,-138,false,
1501,0,748,42,0,-138,false,
1502,0,750,44,0,-138,false,
1503,0,752,46,0,-138,false,
1504,0,2,48,0,-138,false,
1505,0,4,50,0,-138,false,
1506,0,5,52,0,-138,false,
1507,0,7,54,0,-138,false,
1508,0,9,57,0,-138,false,
1509,0,11,59,0,-138,false,
1510,0,13,61,0,-138,false,
1511,0,14,63,0,-138,false,
1512,0,16,65,0,-138,false,
1513,0,18,67,0,-138,false,
1514,0,20,69,0,-138,false,
1515,0,22,71,0,-138,false,
1516,0,23,73,0,-138,false,
1517,0,25,75,0,-138,false,
1518,0,27,77,0,-138,false,
1519,0,29,79,0,-138,false,
1520,0,30,81,0,-138,false,
1521,0,32,83,0,-138,false,
1522,0,34,85,0,-138,false,
1523,0,36,87,0,-138,false,
1524,0,38,89,0,-138,false,
1525,0,39,91,0,-138,false,
1526,0,41,93,0,-138,false,
1527,0,43,95,0,-138,false,
1528,0,45,97,0,-138,false,
1529,0,47,99,0,-138,false,
1530,0,48,101,0,-138,false,
1531,0,50,103,0,-138,false,
1532,0,52,105,0,-138,false,
1533,0,54,107,0,-138,false,
1534,0,56,109,0,-138,false,
1535,0,57,111,0,-138,false,
1536,0,59,113,0,-138,false,
1537,0,61,115,0,-138,false,
1538,0,63,117,0,-138,false,
1539,0,65,119,0,-138,false,
1540,0,66,121,0,-138,false,
1541,0,68,123,0,-138,false,
1542,0,70,125,0,-138,false,
1543,0,72,127,0,-138,false,
1544,0,74,129,0,-138,false,
1545,0,75,131,0,-138,false,
1546,0,77,133,0,-138,false,
1547,0,79,135,0,-138,false,
1548,0,81,137,0,-138,false,
1549,0,83,139,0,-138,false,
1550,0,84,141,0,-138,false,
1551,0,86,143,0,-138,false,
1552,0,88,145,0,-138,false,
1553,0,90,147,0,-138,false,
1554,0,91,149,0,-138,false,
1555,0,93,151,0,-138,false,
1556,0,95,153,0,-138,false,
1557,0,97,155,0,-138,false,
1558,0,99,157,0,-138,false,
1559,0,100,159,0,-138,false,
1560,0,102,161,0,-138,false,
1561,0,104,163,0,-138,false,
1562,0,106,165,0,-138,false,
1563,0,108,168,0,-138,false,
1564,0,109,170,0,-138,false,
1565,0,111,172,0,-138,false,
1566,0,113,174,0,-138,false,
1567,0,115,176,0,-138,false,
1568,0,117,178,0,-138,false,
1569,0,118,180,0,-138,false,
1570,0,120,182,0,-138,false,
1571,0,122,184,0,-138,false,
1572,0,124,186,0,-138,false,
1573,0,126,188,0,-138,false,
1574,0,127,190,0,-138,false,
1575,0,129,192,0,-138,false,
1576,0,131,194,0,-138,false,
1577,0,133,196,0,-138,false,
1578,0,135,198,0,-138,false,
1579,0,136,200,0,-138,false,
1580,0,138,202,0,-138,false,
1581,0,140,204,0,-138,false,
1582,0,142,206,0,-138,false,
1583,0,143,208,0,-138,false,
1584,0,145,210,0,-138,true,3
1585,0,147,212,0,-138,true,3
1586,0,149,214,0,-138,true,3
1587,0,151,216,0,-138,true,3
1588,0,152,218,0,-138,true,3
1589,0,154,220,0,-138,true,3
1590,0,156,222,0,-138,true,3
1591,0,158,224,0,-138,true,3
1592,0,160,226,0,-138,true,3
1593,0,161,228,0,-138,true,3
1594,0,163,230,0,-138,false,
1595,0,165,232,0,-138,false,
1596,0,167,234,0,-138,false,
1597,0,169,236,0,-138,false,
1598,0,170,238,0,-138,false,
1599,0,172,240,0,-138,false,
1600,0,174,242,0,-138,false,
1601,0,176,244,0,-138,false,
1602,0,178,246,0,-138,false,
1603,0,179,248,0,-138,false,
1604,0,181,250,0,-138,false,
1605,0,183,252,0,-138,false,
1606,0,185,254,0,-138,false,
1607,0,187,256,0,-138,false,
1608,0,188,258,0,-138,false,
1609,0,190,260,0,-138,false,
1610,0,192,262,0,-138,false,
1611,0,194,264,0,-138,false,
1612,0,196,266,0,-138,false,
1613,0,197,268,0,-138,false,
1614,0,199,270,0,-138,false,
1615,0,201,272,0,-138,false,
1616,0,203,274,0,-138,false,
1617,0,204,276,0,-138,false,
1618,0,206,279,0,-138,false,
1619,0,208,281,0,-138,false,
1620,0,210,283,0,-138,false,
1621,0,212,285,0,-138,false,
1622,0,213,287,0,-138,false,
1623,0,215,289,0,-138,false,
1624,0,217,291,0,-138,false,
1625,0,219,293,0,-138,false,
1626,0,221,295,0,-138,false,
1627,0,222,297,0,-138,false,
1628,0,224,299,0,-138,false,
1629,0,226,301,0,-138,false,
1630,0,228,303,0,-138,false,
1631,0,230,305,0,-138,false,
1632,0,231,307,0,-138,false,
1633,0,233,309,0,-138,false,
1634,0,235,311,0,-138,false,
1635,0,237,313,0,-138,false,
1636,0,239,315,0,-138,false,
1637,0,240,317,0,-138,false,
1638,0,242,319,0,-138,false,
1639,0,244,321,0,-138,false,
1640,0,246,323,0,-138,false,
1641,0,248,325,0,-138,false,
1642,0,249,327,0,-138,false,
1643,0,251,329,0,-138,false,
1644,0,253,331,0,-138,false,
1645,0,255,333,0,-138,false,
1646,0,256,335,0,-138,false,
1647,0,258,337,0,-138,false,
1648,0,260,339,0,-138,false,
1649,0,262,341,0,-138,false,
1650,0,264,343,0,-138,false,
1651,0,265,345,0,-138,false,
1652,0,267,347,0,-138,false,
1653,0,269,349,0,-138,false,
1654,0,271,351,0,-138,false,
1655,0,273,353,0,-138,false,
1656,0,274,355,0,-138,false,
1657,0,276,357,0,-138,false,
1658,0,278,359,0,-138,false,
1659,0,280,361,0,-138,false,
1660,0,282,363,0,-138,false,
1661,0,283,365,0,-138,false,
1662,0,285,367,0,-138,false,
1663,0,287,369,0,-138,false,
1664,0,289,371,0,-138,false,
1665,0,291,373,0,-138,false,
1666,0,292,375,0,-138,false,
1667,0,294,377,0,-138,false,
1668,0,296,379,0,-138,false,
1669,0,298,381,0,-138,false,
1670,0,300,383,0,-138,false,
1671,0,301,385,0,-138,false,
1672,0,303,387,0,-138,false,
1673,0,305,390,0,-138,false,
1674,0,307,392,0,-138,false,
1675,0,309,394,0,-138,false,
1676,0,310,396,0,-138,false,
1677,0,312,398,0,-138,false,
1678,0,314,400,0,-138,false,
1679,0,316,402,0,-138,false,
1680,0,317,404,0,-138,false,
1681,0,319,406,0,-138,false,
1682,0,321,408,0,-138,false,
1683,0,323,410,0,-138,false,
1684,0,325,412,0,-138,false,
1685,0,326,414,0,-138,false,
1686,0,328,416,0,-138,false,
1687,0,330,418,0,-138,false,
1688,0,332,420,0,-138,false,
1689,0,334,422,0,-138,false,
1690,0,335,424,0,-138,false,
1691,0,337,426,0,-138,false,
1692,0,339,428,0,-138,false,
1693,0,341,430,0,-138,false,
1694,0,343,432,0,-138,false,
1695,0,344,434,0,-138,false,
1696,0,346,436,0,-138,false,
1697,0,348,438,0,-138,false,
1698,0,350,440,0,-138,false,
1699,0,352,442,0,-138,false,
1700,0,353,444,0,-138,false,
1701,0,355,446,0,-138,false,
1702,0,357,448,0,-138,false,
1703,0,359,450,0,-138,false,
1704,0,361,452,0,-138,false,
1705,0,362,454,0,-138,false,
1706,0,364,456,0,-138,false,
1707,0,366,458,0,-138,false,
1708,0,368,460,0,-138,false,
1709,0,369,462,0,-138,false,
1710,0,371,464,0,-138,false,
1711,0,373,466,0,-138,false,
1712,0,375,468,0,-138,false,
1713,0,377,470,0,-138,false,
1714,0,378,472,0,-138,false,
1715,0,380,474,0,-138,false,
1716,0,382,476,0,-138,false,
1717,0,384,478,0,-138,false,
1718,0,386,480,0,-138,false,
1719,0,387,482,0,-138,false,
1720,0,389,484,0,-138,false,
1721,0,391,486,0,-138,false,
1722,0,393,488,0,-138,false,
1723,0,395,490,0,-138,false,
1724,0,396,492,0,-138,false,
1725,0,398,494,0,-138,false,
1726,0,400,496,0,-138,false,
1727,0,402,498,0,-138,false,
1728,0,404,501,0,-138,false,
1729,0,405,503,0,-138,false,
1730,0,407,505,0,-138,false,
1731,0,409,507,0,-138,false,
1732,0,411,509,0,-138,false,
1733,0,413,511,0,-138,false,
1734,0,414,513,0,-138,false,
1735,0,416,515,0,-138,false,
1736,0,418,517,0,-138,false,
1737,0,420,519,0,-138,false,
1738,0,422,521,0,-138,false,
1739,0,423,523,0,-138,false,
1740,0,425,525,0,-138,false,
1741,0,427,527,0,-138,false,
1742,0,429,529,0,-138,false,
1743,0,430,531,0,-138,false,
1744,0,432,533,0,-138,false,
1745,0,434,535,0,-138,false,
1746,0,436,537,0,-138,false,
1747,0,438,539,0,-138,false,
1748,0,439,541,0,-138,false,
1749,0,441,543,0,-138,false,
1750,0,443,545,0,-138,false,
1751,0,445,547,0,-138,false,
1752,0,447,549,0,-138,false,
1753,0,448,551,0,-138,false,
1754,0,450,553,0,-138,false,
1755,0,452,555,0,-138,false,
1756,0,454,557,0,-138,false,
1757,0,456,559,0,-138,false,
1758,0,457,561,0,-138,false,
1759,0,459,563,0,-138,false,
1760,0,461,565,0,-138,false,
1761,0,463,567,0,-138,false,
1762,0,465,569,0,-138,false,
1763,0,466,571,0,-138,false,
1764,0,468,573,0,-138,false,
1765,0,470,575,0,-138,false,
1766,0,472,577,0,-138,false,
1767,0,474,579,0,-138,false,
1768,0,475,581,0,-138,false,
1769,0,477,583,0,-138,false,
1770,0,479,585,0,-138,false,
1771,0,481,587,0,-138,false,
1772,0,482,589,0,-138,false,
1773,0,484,591,0,-138,false,
1774,0,486,593,0,-138,false,
1775,0,488,595,0,-138,false,
1776,0,490,597,0,-138,false,
1777,0,491,599,0,-138,false,
1778,0,493,601,0,-138,false,
1779,0,495,603,0,-138,false,
1780,0,497,605,0,-138,false,
1781,0,499,607,0,-138,false,
1782,0,500,609,0,-138,false,
1783,0,502,611,0,-138,false,
1784,0,504,614,0,-138,false,
1785,0,506,616,0,-138,false,
1786,0,508,618,0,-138,false,
1787,0,509,620,0,-138,false,
1788,0,511,622,0,-138,false,
1789,0,513,624,0,-138,false,
1790,0,515,626,0,-138,false,
1791,0,517,628,0,-138,false,
1792,0,518,630,0,-138,false,
1793,0,520,632,0,-138,false,
1794,0,522,634,0,-138,false,
1795,0,524,636,0,-138,false,
1796,0,526,638,0,-138,false,
1797,0,527,640,0,-138,false,
1798,0,529,642,0,-138,false,
1799,0,531,644,0,-138,false,
1800,0,533,646,0,-138,false,
1801,0,534,648,0,-138,false,
1802,0,536,650,0,-138,false,
1803,0,538,652,0,-138,false,
1804,0,540,654,0,-138,false,
1805,0,542,656,0,-138,false,
1806,0,543,658,0,-138,false,
1807,0,545,660,0,-138,false,
1808,0,547,662,0,-138,false,
1809,0,549,664,0,-138,false,
1810,0,551,666,0,-138,false,
1811,0,552,668,0,-138,false,
1812,0,554,670,0,-138,false,
1813,0,556,672,0,-138,false,
1814,0,558,674,0,-138,false,
1815,0,560,676,0,-138,false,
1816,0,561,678,0,-138,false,
1817,0,563,680,0,-138,false,
1818,0,565,682,0,-138,false,
1819,0,567,684,0,-138,false,
1820,0,569,686,0,-138,false,
1821,0,570,688,0,-138,false,
1822,0,572,690,0,-138,false,
1823,0,574,692,0,-138,false,
1824,0,576,694,0,-138,false,
1825,0,578,696,0,-138,false,
1826,0,579,698,0,-138,false,
1827,0,581,700,0,-138,false,
1828,0,583,702,0,-138,false,
1829,0,585,704,0,-138,false,
1830,0,587,706,0,-138,false,
1831,0,588,708,0,-138,false,
1832,0,590,710,0,-138,false,
1833,0,592,712,0,-138,false,
1834,0,594,714,0,-138,false,
1835,0,595,716,0,-138,false,
1836,0,597,718,0,-138,false,
1837,0,599,720,0,-138,false,
1838,0,601,722,0,-138,false,
1839,0,603,725,0,-138,false,
1840,0,604,727,0,-138,false,
1841,0,606,729,0,-138,false,
1842,0,608,731,0,-138,false,
1843,0,610,733,0,-138,false,
1844,0,612,735,0,-138,false,
1845,0,613,737,0,-138,false,
1846,0,615,739,0,-138,false,
1847,0,617,741,0,-138,false,
1848,0,619,743,0,-138,false,
1849,0,621,745,0,-138,false,
1850,0,622,747,0,-138,false,
1851,0,624,749,0,-138,false,
1852,0,626,751,0,-138,false,
1853,0,628,2,0,-138,false,
1854,0,630,4,0,-138,false,
1855,0,631,6,0,-138,false,
1856,0,633,8,0,-138,false,
1857,0,635,10,0,-138,false,
1858,0,637,12,0,-138,false,
1859,0,639,14,0,-138,false,
1860,0,640,16,0,-138,false,
1861,0,642,18,0,-138,false,
1862,0,644,20,0,-138,false,
1863,0,646,22,0,-138,false,
1864,0,647,24,0,-138,false,
1865,0,649,26,0,-138,false,
1866,0,651,28,0,-138,false,
1867,0,653,30,0,-138,false,
1868,0,655,32,0,-138,false,
1869,0,656,34,0,-138,false,
1870,0,658,36,0,-138,false,
1871,0,660,38,0,-138,false,
1872,0,662,40,0,-138,false,
1873,0,664,42,0,-138,false,
1874,0,665,44,0,-138,false,
1875,0,667,46,0,-138,false,
1876,0,669,48,0,-138,false,
1877,0,671,50,0,-138,false,
1878,0,673,52,0,-138,false,
1879,0,674,54,0,-138,false,
1880,0,676,57,0,-138,false,
1881,0,678,59,0,-138,false,
1882,0,680,61,0,-138,false,
1883,0,682,63,0,-138,false,
1884,0,683,65,0,-138,false,
1885,0,685,67,0,-138,false,
1886,0,687,69,0,-138,false,
1887,0,689,71,0,-138,false,
1888,0,691,73,0,-138,false,
1889,0,692,75,0,-138,false,
1890,0,694,77,0,-138,false,
1891,0,696,79,0,-138,false,
1892,0,698,81,0,-138,false,
1893,0,700,83,0,-138,false,
1894,0,701,85,0,-138,false,
1895,0,703,87,0,-138,false,
1896,0,705,89,0,-138,false,
1897,0,707,91,0,-138,false,
1898,0,708,93,0,-138,false,
1899,0,710,95,0,-138,false,
1900,0,712,97,0,-138,false,
1901,0,714,99,0,-138,false,
1902,0,716,101,0,-138,false,
1903,0,717,103,0,-138,false,
1904,0,719,105,0,-138,false,
1905,0,721,107,0,-138,false,
1906,0,723,109,0,-138,false,
1907,0,725,111,0,-138,false,
1908,0,726,113,0,-138,false,
1909,0,728,115,0,-138,false,
1910,0,730,117,0,-138,false,
1911,0,732,119,0,-138,false,
1912,0,734,121,0,-138,false,
1913,0,735,123,0,-138,false,
1914,0,737,125,0,-138,false,
1915,0,739,127,0,-138,false,
1916,0,741,129,0,-138,false,
1917,0,743,131,0,-138,false,
1918,0,744,133,0,-138,false,
1919,0,746,135,0,-138,false,
1920,0,748,137,0,-138,false,
1921,0,750,139,0,-138,false,
1922,0,752,141,0,-138,false,
1923,0,2,143,0,-138,false,
1924,0,4,145,0,-138,false,
1925,0,5,147,0,-138,false,
1926,0,7,149,0,-138,false,
1927,0,9,151,0,-138,false,
1928,0,11,153,0,-138,false,
1929,0,13,155,0,-138,false,
1930,0,14,157,0,-138,false,
1931,0,16,159,0,-138,false,
1932,0,18,161,0,-138,false,
1933,0,20,163,0,-138,false,
1934,0,22,165,0,-138,false,
1935,0,23,168,0,-138,false,
1936,0,25,170,0,-138,false,
1937,0,27,172,0,-138,false,
1938,0,29,174,0,-138,false,
1939,0,30,176,0,-138,false,
1940,0,32,178,0,-138,false,
1941,0,34,180,0,-138,false,
1942,0,36,182,0,-138,false,
1943,0,38,184,0,-138,false,
1944,0,39,186,0,-138,false,
1945,0,41,188,0,-138,false,
1946,0,43,190,0,-138,false,
1947,0,45,192,0,-138,false,
1948,0,47,194,0,-138,false,
1949,0,48,196,0,-138,false,
1950,0,50,198,0,-138,false,
1951,0,52,200,0,-138,false,
1952,0,54,202,0,-138,false,
1953,0,56,204,0,-138,false,
1954,0,57,206,0,-138,false,
1955,0,59,208,0,-138,false,
1956,0,61,210,0,-138,false,
1957,0,63,212,0,-138,false,
1958,0,65,214,0,-138,false,
1959,0,66,216,0,-138,false,
1960,0,68,218,0,-138,false,
1961,0,70,220,0,-138,false,
1962,0,72,222,0,-138,false,
1963,0,74,224,0,-138,false,
1964,0,75,226,0,-138,false,
1965,0,77,228,0,-138,false,
1966,0,79,230,0,-138,false,
1967,0,81,232,0,-138,false,
1968,0,83,234,0,-138,false,
1969,0,84,236,0,-138,false,
1970,0,86,238,0,-138,false,
1971,0,88,240,0,-138,false,
1972,0,90,242,0,-138,false,
1973,0,91,244,0,-138,false,
1974,0,93,246,0,-138,false,
1975,0,95,248,0,-138,false,
1976,0,97,250,0,-138,false,
1977,0,99,252,0,-138,false,
1978,0,100,254,0,-138,false,
1979,0,102,256,0,-138,false,
1980,0,104,258,0,-138,false,
1981,0,106,260,0,-138,false,
1982,0,108,262,0,-138,false,
1983,0,109,264,0,-138,false,
1984,0,111,266,0,-138,false,
1985,0,113,268,0,-138,false,
1986,0,115,270,0,-138,false,
1987,0,117,272,0,-138,false,
1988,0,118,274,0,-138,false,
1989,0,120,276,0,-138,false,
1990,0,122,279,0,-138,false,
1991,0,124,281,0,-138,false,
1992,0,126,283,0,-138,false,
1993,0,127,285,0,-138,false,
1994,0,129,287,0,-138,false,
1995,0,131,289,0,-138,false,
1996,0,133,291,0,-138,false,
1997,0,135,293,0,-138,false,
1998,0,136,295,0,-138,false,
1999,0,138,297,0,-138,false,
2000,0,140,299,0,-138,false,
2001,0,142,301,0,-138,false,
2002,0,143,303,0,-138,false,
2003,0,145,305,0,-138,false,
2004,0,147,307,0,-138,false,
2005,0,149,309,0,-138,false,
2006,0,151,311,0,-138,false,
2007,0,152,313,0,-138,false,
2008,0,154,315,0,-138,false,
2009,0,156,317,0,-138,false,
2010,0,158,319,0,-138,false,
2011,0,160,321,0,-138,false,
2012,0,161,323,0,-138,false,
2013,0,163,325,0,-138,false,
2014,0,165,327,0,-138,false,
2015,0,167,329,0,-138,false,
2016,0,169,331,0,-138,false,
2017,0,170,333,0,-138,false,
2018,0,172,335,0,-138,false,
2019,0,174,337,0,-138,false,
2020,0,176,339,0,-138,false,
2021,0,178,341,0,-138,false,
2022,0,179,343,0,-138,false,
2023,0,181,345,0,-138,false,
2024,0,183,347,0,-138,false,
2025,0,185,349,0,-138,false,
2026,0,187,351,0,-138,false,
2027,0,188,353,0,-138,false,
2028,0,190,355,0,-138,false,
2029,0,192,357,0,-138,false,
2030,0,194,359,0,-138,false,
2031,0,196,361,0,-138,false,
2032,0,197,363,0,-138,false,
2033,0,199,365,0,-138,false,
2034,0,201,367,0,-138,false,
2035,0,203,369,0,-138,false,
2036,0,204,371,0,-138,false,
2037,0,206,373,0,-138,false,
2038,0,208,375,0,-138,false,
2039,0,210,377,0,-138,false,
2040,0,212,379,0,-138,false,
2041,0,213,381,0,-138,false,
2042,0,215,383,0,-138,false,
2043,0,217,385,0,-138,false,
2044,0,219,387,0,-138,false,
2045,0,221,390,0,-138,false,
2046,0,222,392,0,-138,false,
2047,0,224,394,0,-138,false,
2048,0,226,396,0,-138,false,
2049,0,228,398,0,-138,false,
2050,0,230,400,0,-138,false,
2051,0,231,402,0,-138,false,
2052,0,233,404,0,-138,false,
2053,0,235,406,0,-138,false,
2054,0,237,408,0,-138,false,
2055,0,239,410,0,-138,false,
2056,0,240,412,0,-138,false,
2057,0,242,414,0,-138,false,
2058,0,244,416,0,-138,false,
2059,0,246,418,0,-138,false,
2060,0,248,420,0,-138,false,
2061,0,249,422,0,-138,false,
2062,0,251,424,0,-138,false,
2063,0,253,426,0,-138,false,
2064,0,255,428,0,-138,false,
2065,0,256,430,0,-138,false,
2066,0,258,432,0,-138,false,
2067,0,260,434,0,-138,false,
2068,0,262,436,0,-138,false,
2069,0,264,438,0,-138,false,
2070,0,265,440,0,-138,false,
2071,0,267,442,0,-138,false,
2072,0,269,444,0,-138,false,
2073,0,271,446,0,-138,false,
2074,0,273,448,0,-138,false,
2075,0,274,450,0,-138,false,
2076,0,276,452,0,-138,false,
2077,0,278,454,0,-138,false,
2078,0,280,456,0,-138,false,
2079,0,282,458,0,-138,false,
2080,0,283,460,0,-138,false,
2081,0,285,462,0,-138,false,
2082,0,287,464,0,-138,false,
2083,0,289,466,0,-138,false,
2084,0,291,468,0,-138,false,
2085,0,292,470,0,-138,false,
2086,0,294,472,0,-138,false,
2087,0,296,474,0,-138,false,
2088,0,298,476,0,-138,false,
2089,0,300,478,0,-138,false,
2090,0,301,480,0,-138,false,
2091,0,303,482,0,-138,false,
2092,0,305,484,0,-138,false,
2093,0,307,486,0,-138,false,
2094,0,309,488,0,-138,false,
2095,0,310,490,0,-138,false,
2096,0,312,492,0,-138,false,
2097,0,314,494,0,-138,false,
2098,0,316,496,0,-138,false,
2099,0,317,498,0,-138,false,
2100,0,319,501,0,-138,false,
2101,0,321,503,0,-138,false,
2102,0,323,505,0,-138,false,
2103,0,325,507,0,-138,false,
2104,0,326,509,0,-138,false,
2105,0,328,511,0,-138,false,
2106,0,330,513,0,-138,false,
2107,0,332,515,0,-138,false,
2108,0,334,517,0,-138,false,
2109,0,335,519,0,-138,false,
2110,0,337,521,0,-138,false,
2111,0,339,523,0,-138,false,
2112,0,341,525,0,-138,false,
2113,0,343,527,0,-138,false,
2114,0,344,529,0,-138,false,
2115,0,346,531,0,-138,false,
2116,0,348,533,0,-138,false,
2117,0,350,535,0,-138,false,
2118,0,352,537,0,-138,false,
2119,0,353,539,0,-138,false,
2120,0,355,541,0,-138,false,
2121,0,357,543,0,-138,false,
2122,0,359,545,0,-138,false,
2123,0,361,547,0,-138,false,
2124,0,362,549,0,-138,false,
2125,0,364,551,0,-138,false,
2126,0,366,553,0,-138,false,
2127,0,368,555,0,-138,false,
2128,0,369,557,0,-138,false,
2129,0,371,559,0,-138,false,
2130,0,373,561,0,-138,false,
2131,0,375,563,0,-138,false,
2132,0,377,565,0,-138,false,
2133,0,378,567,0,-138,false,
2134,0,380,569,0,-138,false,
2135,0,382,571,0,-138,false,
2136,0,384,573,0,-138,false,
2137,0,386,575,0,-138,false,
2138,0,387,577,0,-138,false,
2139,0,389,579,0,-138,false,
2140,0,391,581,0,-138,false,
2141,0,393,583,0,-138,false,
2142,0,395,585,0,-138,false,
2143,0,396,587,0,-138,false,
2144,0,398,589,0,-138,false,
2145,0,400,591,0,-138,false,
2146,0,402,593,0,-138,false,
2147,0,404,595,0,-138,false,
2148,0,405,597,0,-138,false,
2149,0,407,599,0,-138,false,
2150,0,409,601,0,-138,false,
2151,0,411,603,0,-138,false,
2152,0,413,605,0,-138,false,
2153,0,414,607,0,-138,false,
2154,0,416,609,0,-138,false,
2155,0,418,611,0,-138,false,
2156,0,420,614,0,-138,false,
2157,0,422,616,0,-138,false,
2158,0,423,618,0,-138,false,
2159,0,425,620,0,-138,false,
2160,0,427,622,0,-138,false,
2161,0,429,624,0,-138,false,
2162,0,430,626,0,-138,false,
2163,0,432,628,0,-138,false,
2164,0,434,630,0,-138,false,
2165,0,436,632,0,-138,false,
2166,0,438,634,0,-138,false,
2167,0,439,636,0,-138,false,
2168,0,441,638,0,-138,false,
2169,0,443,640,0,-138,false,
2170,0,445,642,0,-138,false,
2171,0,447,644,0,-138,false,
2172,0,448,646,0,-138,false,
2173,0,450,648,0,-138,false,
2174,0,452,650,0,-138,false,
2175,0,454,652,0,-138,false,
2176,0,456,654,0,-138,false,
2177,0,457,656,0,-138,false,
2178,0,459,658,0,-138,false,
2179,0,461,660,0,-138,false,
2180,0,463,662,0,-138,false,
2181,0,465,664,0,-138,false,
2182,0,466,666,0,-138,false,
2183,0,468,668,0,-138,false,
2184,0,470,670,0,-138,false,
2185,0,472,672,0,-138,false,
2186,0,474,674,0,-138,false,
2187,0,475,676,0,-138,false,
2188,0,477,678,0,-138,false,
2189,0,479,680,0,-138,false,
2190,0,481,682,0,-138,false,
2191,0,482,684,0,-138,false,
2192,0,484,686,0,-138,false,
2193,0,486,688,0,-138,false,
2194,0,488,690,0,-138,false,
2195,0,490,692,0,-138,false,
2196,0,491,694,0,-138,false,
2197,0,493,696,0,-138,false,
2198,0,495,698,0,-138,false,
2199,0,497,700,0,-138,false,
2200,0,499,702,0,-138,false,
2201,0,500,704,0,-138,false,
2202,0,502,706,0,-138,false,
2203,0,504,708,0,-138,false,
2204,0,506,710,0,-138,false,
2205,0,508,712,0,-138,false,
2206,0,509,714,0,-138,false,
2207,0,511,716,0,-138,false,
2208,0,513,718,0,-138,false,
2209,0,515,720,0,-138,false,
2210,0,517,722,0,-138,false,
2211,0,518,725,0,-138,false,
2212,0,520,727,0,-138,false,
2213,0,522,729,0,-138,false,
2214,0,524,731,0,-138,false,
2215,0,526,733,0,-138,false,
2216,0,527,735,0,-138,false,
2217,0,529,737,0,-138,false,
2218,0,531,739,0,-138,false,
2219,0,533,741,0,-138,false,
2220,0,534,743,0,-138,false,
2221,0,536,745,0,-138,false,
2222,0,538,747,0,-138,false,
2223,0,540,749,0,-138,false,
2224,0,542,751,0,-138,false,
2225,0,543,2,0,-138,false,
2226,0,545,4,0,-138,false,
2227,0,547,6,0,-138,false,
2228,0,549,8,0,-138,false,
2229,0,551,10,0,-138,false,
2230,0,552,12,0,-138,false,
2231,0,554,14,0,-138,false,
2232,0,556,16,0,-138,false,
2233,0,558,18,0,-138,false,
2234,0,560,20,0,-138,false,
2235,0,561,22,0,-138,false,
2236,0,563,24,0,-138,false,
2237,0,565,26,0,-138,false,
2238,0,567,28,0,-138,false,
2239,0,569,30,0,-138,false,
2240,0,570,32,0,-138,false,
2241,0,572,34,0,-138,false,
2242,0,574,36,0,-138,false,
2243,0,576,38,0,-138,false,
2244,0,578,40,0,-138,false,
2245,0,579,42,0,-138,false,
2246,0,581,44,0,-138,false,
2247,0,583,46,0,-138,false,
2248,0,585,48,0,-138,false,
2249,0,587,50,0,-138,false,
2250,0,588,52,0,-138,false,
2251,0,590,54,0,-138,false,
2252,0,592,57,0,-138,false,
2253,0,594,59,0,-138,false,
2254,0,595,61,0,-138,false,
2255,0,597,63,0,-138,false,
2256,0,599,65,0,-138,false,
2257,0,601,67,0,-138,false,
2258,0,603,69,0,-138,false,
2259,0,604,71,0,-138,false,
2260,0,606,73,0,-138,false,
2261,0,608,75,0,-138,false,
2262,0,610,77,0,-138,false,
2263,0,612,79,0,-138,false,
2264,0,613,81,0,-138,false,
2265,0,615,83,0,-138,false,
2266,0,617,85,0,-138,false,
2267,0,619,87,0,-138,false,
2268,0,621,89,0,-138,false,
2269,0,622,91,0,-138,false,
2270,0,624,93,0,-138,false,
2271,0,626,95,0,-138,false,
2272,0,628,97,0,-138,false,
2273,0,630,99,0,-138,false,
2274,0,631,101,0,-138,false,
2275,0,633,103,0,-138,false,
2276,0,635,105,0,-138,false,
2277,0,637,107,0,-138,false,
2278,0,639,109,0,-138,false,
2279,0,640,111,0,-138,false,
2280,0,642,113,0,-138,false,
2281,0,644,115,0,-138,false,
2282,0,646,117,0,-138,false,
2283,0,647,119,0,-138,false,
2284,0,649,121,0,-138,false,
2285,0,651,123,0,-138,false,
2286,0,653,125,0,-138,false,
2287,0,655,127,0,-138,false,
2288,0,656,129,0,-138,false,
2289,0,658,131,0,-138,false,
2290,0,660,133,0,-138,false,
2291,0,662,135,0,-138,false,
2292,0,664,137,0,-138,false,
2293,0,665,139,0,-138,false,
2294,0,667,141,0,-138,false,
2295,0,669,143,0,-138,false,
2296,0,671,145,0,-138,false,
2297,0,673,147,0,-138,false,
2298,0,674,149,0,-138,false,
2299,0,676,151,0,-138,false,
2300,0,678,153,0,-138,false,
2301,0,680,155,0,-138,false,
2302,0,682,157,0,-138,false,
2303,0,683,159,0,-138,false,
2304,0,685,161,0,-138,false,
2305,0,687,163,0,-138,false,
2306,0,689,165,0,-138,false,
2307,0,691,168,0,-138,false,
2308,0,692,170,0,-138,false,
2309,0,694,172,0,-138,false,
2310,0,696,174,0,-138,false,
2311,0,698,176,0,-138,false,
2312,0,700,178,0,-138,false,
2313,0,701,180,0,-138,false,
2314,0,703,182,0,-138,false,
2315,0,705,184,0,-138,false,
2316,0,707,186,0,-138,false,
2317,0,708,188,0,-138,false,
2318,0,710,190,0,-138,false,
2319,0,712,192,0,-138,false,
2320,0,714,194,0,-138,false,
2321,0,716,196,0,-138,false,
2322,0,717,198,0,-138,false,
2323,0,719,200,0,-138,false,
2324,0,721,202,0,-138,false,
2325,0,723,204,0,-138,false,
2326,0,725,206,0,-138,false,
2327,0,726,208,0,-138,false,
2328,0,728,210,0,-138,false,
2329,0,730,212,0,-138,false,
2330,0,732,214,0,-138,false,
2331,0,734,216,0,-138,false,
2332,0,735,218,0,-138,false,
2333,0,737,220,0,-138,false,
2334,0,739,222,0,-138,false,
2335,0,741,224,0,-138,false,
2336,0,743,226,0,-138,false,
2337,0,744,228,0,-138,false,
2338,0,746,230,0,-138,false,
2339,0,748,232,0,-138,false,
2340,0,750,234,0,-138,false,
2341,0,752,236,0,-138,false,
2342,0,2,238,0,-138,false,
2343,0,4,240,0,-138,false,
2344,0,5,242,0,-138,false,
2345,0,7,244,0,-138,false,
2346,0,9,246,0,-138,false,
2347,0,11,248,0,-138,false,
2348,0,13,250,0,-138,false,
2349,0,14,252,0,-138,false,
2350,0,16,254,0,-138,false,
2351,0,18,256,0,-138,false,
2352,0,20,258,0,-138,false,
2353,0,22,260,0,-138,false,
2354,0,23,262,0,-138,false,
2355,0,25,264,0,-138,false,
2356,0,27,266,0,-138,false,
2357,0,29,268,0,-138,false,
2358,0,30,270,0,-138,false,
2359,0,32,272,0,-138,false,
2360,0,34,274,0,-138,false,
2361,0,36,276,0,-138,false,
2362,0,38,279,0,-138,false,
2363,0,39,281,0,-138,false,
2364,0,41,283,0,-138,false,
2365,0,43,285,0,-138,false,
2366,0,45,287,0,-138,false,
2367,0,47,289,0,-138,false,
2368,0,48,291,0,-138,false,
2369,0,50,293,0,-138,false,
2370,0,52,295,0,-138,false,
2371,0,54,297,0,-138,false,
2372,0,56,299,0,-138,false,
2373,0,57,301,0,-138,false,
2374,0,59,303,0,-138,false,
2375,0,61,305,0,-138,false,
2376,0,63,307,0,-138,false,
2377,0,65,309,0,-138,false,
2378,0,66,311,0,-138,false,
2379,0,68,313,0,-138,false,
2380,0,70,315,0,-138,false,
2381,0,72,317,0,-138,false,
2382,0,74,319,0,-138,false,
2383,0,75,321,0,-138,false,
2384,0,77,323,0,-138,false,
2385,0,79,325,0,-138,false,
2386,0,81,327,0,-138,false,
2387,0,83,329,0,-138,false,
2388,0,84,331,0,-138,false,
2389,0,86,333,0,-138,false,
2390,0,88,335,0,-138,false,
2391,0,90,337,0,-138,false,
2392,0,91,339,0,-138,false,
2393,0,93,341,0,-138,false,
2394,0,95,343,0,-138,false,
2395,0,97,345,0,-138,false,
2396,0,99,347,0,-138,false,
2397,0,100,349,0,-138,false,
2398,0,102,351,0,-138,false,
2399,0,104,353,0,-138,false,
2400,0,106,355,0,-138,false,
2401,0,108,357,0,-138,false,
2402,0,109,359,0,-138,false,
2403,0,111,361,0,-138,false,
2404,0,113,363,0,-138,false,
2405,0,115,365,0,-138,false,
2406,0,117,367,0,-138,false,
2407,0,118,369,0,-138,false,
2408,0,120,371,0,-138,false,
2409,0,122,373,0,-138,false,
2410,0,124,375,0,-138,false,
2411,0,126,377,0,-138,false,
2412,0,127,379,0,-138,false,
2413,0,129,381,0,-138,false,
2414,0,131,383,0,-138,false,
2415,0,133,385,0,-138,false,
2416,0,135,387,0,-138,false,
2417,0,136,390,0,-138,false,
2418,0,138,392,0,-138,false,
2419,0,140,394,0,-138,false,
2420,0,142,396,0,-138,false,
2421,0,143,398,0,-138,false,
2422,0,145,400,0,-138,false,
2423,0,147,402,0,-138,false,
2424,0,149,404,0,-138,false,
2425,0,151,406,0,-138,false,
2426,0,152,408,0,-138,false,
2427,0,154,410,0,-138,false,
2428,0,156,412,0,-138,false,
2429,0,158,414,0,-138,false,
2430,0,160,416,0,-138,false,
2431,0,161,418,0,-138,false,
2432,0,163,420,0,-138,false,
2433,0,165,422,0,-138,false,
2434,0,167,424,0,-138,false,
2435,0,169,426,0,-138,false,
2436,0,170,428,0,-138,false,
2437,0,172,430,0,-138,false,
2438,0,174,432,0,-138,false,
2439,0,176,434,0,-138,false,
2440,0,178,436,0,-138,false,
2441,0,179,438,0,-138,false,
2442,0,181,440,0,-138,false,
2443,0,183,442,0,-138,false,
2444,0,185,444,0,-138,false,
2445,0,187,446,0,-138,false,
2446,0,188,448,0,-138,false,
2447,0,190,450,0,-138,false,
2448,0,192,452,0,-138,false,
2449,0,194,454,0,-138,false,
2450,0,196,456,0,-138,false,
2451,0,197,458,0,-138,false,
2452,0,199,460,0,-138,false,
2453,0,201,462,0,-138,false,
2454,0,203,464,0,-138,false,
2455,0,204,466,0,-138,false,
2456,0,206,468,0,-138,false,
2457,0,208,470,0,-138,false,
2458,0,210,472,0,-138,false,
2459,0,212,474,0,-138,false,
2460,0,213,476,0,-138,false,
2461,0,215,478,0,-138,false,
2462,0,217,480,0,-138,false,
2463,0,219,482,0,-138,false,
2464,0,221,484,0,-138,false,
2465,0,222,486,0,-138,false,
2466,0,224,488,0,-138,false,
2467,0,226,490,0,-138,false,
2468,0,228,492,0,-138,false,
2469,0,230,494,0,-138,false,
2470,0,231,496,0,-138,false,
2471,0,233,498,0,-138,false,
2472,0,235,501,0,-138,false,
2473,0,237,503,0,-138,false,
2474,0,239,505,0,-138,false,
2475,0,240,507,0,-138,false,
2476,0,242,509,0,-138,false,
2477,0,244,511,0,-138,false,
2478,0,246,513,0,-138,false,
2479,0,248,515,0,-138,false,
2480,0,249,517,0,-138,false,
2481,0,251,519,0,-138,false,
2482,0,253,521,0,-138,false,
2483,0,255,523,0,-138,false,
2484,0,256,525,0,-138,false,
2485,0,258,527,0,-138,false,
2486,0,260,529,0,-138,false,
2487,0,262,531,0,-138,false,
2488,0,264,533,0,-138,false,
2489,0,265,535,0,-138,false,
2490,0,267,537,0,-138,false,
2491,0,269,539,0,-138,false,
2492,0,271,541,0,-138,false,
2493,0,273,543,0,-138,false,
2494,0,274,545,0,-138,false,
2495,0,276,547,0,-138,false,
2496,0,278,549,0,-138,false,
2497,0,280,551,0,-138,false,
2498,0,282,553,0,-138,false,
2499,0,283,555,0,-138,false,
2500,0,285,557,0,-138,false,
2501,0,287,559,0,-138,false,
2502,0,289,561,0,-138,false,
2503,0,291,563,0,-138,false,
2504,0,292,565,0,-138,false,
2505,0,294,567,0,-138,false,
2506,0,296,569,0,-138,false,
2507,0,298,571,0,-138,false,
2508,0,300,573,0,-138,false,
2509,0,301,575,0,-138,false,
2510,0,303,577,0,-138,false,
2511,0,305,579,0,-138,false,
2512,0,307,581,0,-138,false,
2513,0,309,583,0,-138,false,
2514,0,310,585,0,-138,false,
2515,0,312,587,0,-138,false,
2516,0,314,589,0,-138,false,
2517,0,316,591,0,-138,false,
2518,0,317,593,0,-138,false,
2519,0,319,595,0,-138,false,
2520,0,321,597,0,-138,false,
2521,0,323,599,0,-138,false,
2522,0,325,601,0,-138,false,
2523,0,326,603,0,-138,false,
2524,0,328,605,0,-138,false,
2525,0,330,607,0,-138,false,
2526,0,332,609,0,-138,false,
2527,0,334,611,0,-138,false,
2528,0,335,614,0,-138,false,
2529,0,337,616,0,-138,false,
2530,0,339,618,0,-138,false,
2531,0,341,620,0,-138,false,
2532,0,343,622,0,-138,false,
2533,0,344,624,0,-138,false,
2534,0,346,626,0,-138,false,
2535,0,348,628,0,-138,false,
2536,0,350,630,0,-138,false,
2537,0,352,632,0,-138,false,
2538,0,353,634,0,-138,false,
2539,0,355,636,0,-138,false,
2540,0,357,638,0,-138,false,
2541,0,359,640,0,-138,false,
2542,0,361,642,0,-138,false,
2543,0,362,644,0,-138,false,
2544,0,364,646,0,-138,false,
2545,0,366,648,0,-138,false,
2546,0,368,650,0,-138,false,
2547,0,369,652,0,-138,false,
2548,0,371,654,0,-138,false,
2549,0,373,656,0,-138,false,
2550,0,375,658,0,-138,false,
2551,0,377,660,0,-138,false,
2552,0,378,662,0,-138,false,
2553,0,380,664,0,-138,false,
2554,0,382,666,0,-138,false,
2555,0,384,668,0,-138,false,
2556,0,386,670,0,-138,false,
2557,0,387,672,0,-138,false,
2558,0,389,674,0,-138,false,
2559,0,391,676,0,-138,false,
2560,0,393,678,0,-138,false,
2561,0,395,680,0,-138,false,
2562,0,396,682,0,-138,false,
2563,0,398,684,0,-138,false,
2564,0,400,686,0,-138,false,
2565,0,402,688,0,-138,false,
2566,0,404,690,0,-138,false,
2567,0,405,692,0,-138,false,
2568,0,407,694,0,-138,false,
2569,0,409,696,0,-138,false,
2570,0,411,698,0,-138,false,
2571,0,413,700,0,-138,false,
2572,0,414,702,0,-138,false,
2573,0,416,704,0,-138,false,
2574,0,418,706,0,-138,false,
2575,0,420,708,0,-138,false,
2576,0,422,710,0,-138,false,
2577,0,423,712,0,-138,false,
2578,0,425,714,0,-138,false,
2579,0,427,716,0,-138,false,
2580,0,429,718,0,-138,false,
2581,0,430,720,0,-138,false,
2582,0,432,722,0,-138,false,
2583,0,434,725,0,-138,false,
2584,0,436,727,0,-138,false,
2585,0,438,729,0,-138,false,
2586,0,439,731,0,-138,false,
2587,0,441,733,0,-138,false,
2588,0,443,735,0,-138,false,
2589,0,445,737,0,-138,false,
2590,0,447,739,0,-138,false,
2591,0,448,741,0,-138,false,
2592,0,450,743,0,-138,false,
2593,0,452,745,0,-138,false,
2594,0,454,747,0,-138,false,
2595,0,456,749,0,-138,false,
2596,0,457,751,0,-138,false,
2597,0,459,2,0,-138,false,
2598,0,461,4,0,-138,false,
2599,0,463,6,0,-138,false,
2600,0,465,8,0,-138,false,
2601,0,466,10,0,-138,false,
2602,0,468,12,0,-138,false,
2603,0,470,14,0,-138,false,
2604,0,472,16,0,-138,false,
2605,0,474,18,0,-138,false,
2606,0,475,20,0,-138,false,
2607,0,477,22,0,-138,false,
2608,0,479,24,0,-138,false,
2609,0,481,26,0,-138,false,
2610,0,482,28,0,-138,false,
2611,0,484,30,0,-138,false,
2612,0,486,32,0,-138,false,
2613,0,488,34,0,-138,false,
2614,0,490,36,0,-138,false,
2615,0,491,38,0,-138,false,
2616,0,493,40,0,-138,false,
2617,0,495,42,0,-138,false,
2618,0,497,44,0,-138,false,
2619,0,499,46,0,-138,false,
2620,0,500,48,0,-138,false,
2621,0,502,50,0,-138,false,
2622,0,504,52,0,-138,false,
2623,0,506,54,0,-138,false,
2624,0,508,57,0,-138,false,
2625,0,509,59,0,-138,false,
2626,0,511,61,0,-138,false,
2627,0,513,63,0,-138,false,
2628,0,515,65,0,-138,false,
2629,0,517,67,0,-138,false,
2630,0,518,69,0,-138,false,
2631,0,520,71,0,-138,false,
2632,0,522,73,0,-138,false,
2633,0,524,75,0,-138,false,
2634,0,526,77,0,-138,false,
2635,0,527,79,0,-138,false,
2636,0,529,81,0,-138,false,
2637,0,531,83,0,-138,false,
2638,0,533,85,0,-138,false,
2639,0,534,87,0,-138,false,
2640,0,536,89,0,-138,false,
2641,0,538,91,0,-138,false,
2642,0,540,93,0,-138,false,
2643,0,542,95,0,-138,false,
2644,0,543,97,0,-138,false,
2645,0,545,99,0,-138,false,
2646,0,547,101,0,-138,false,
2647,0,549,103,0,-138,false,
2648,0,551,105,0,-138,false,
2649,0,552,107,0,-138,false,
2650,0,554,109,0,-138,false,
2651,0,556,111,0,-138,false,
2652,0,558,113,0,-138,false,
2653,0,560,115,0,-138,false,
2654,0,561,117,0,-138,false,
2655,0,563,119,0,-138,false,
2656,0,565,121,0,-138,false,
2657,0,567,123,0,-138,false,
2658,0,569,125,0,-138,false,
2659,0,570,127,0,-138,false,
2660,0,572,129,0,-138,false,
2661,0,574,131,0,-138,false,
2662,0,576,133,0,-138,false,
2663,0,578,135,0,-138,false,
2664,0,579,137,0,-138,false,
2665,0,581,139,0,-138,false,
2666,0,583,141,0,-138,false,
2667,0,585,143,0,-138,false,
2668,0,587,145,0,-138,false,
2669,0,588,147,0,-138,true,1
2670,0,588,147,0,-138,true,1
2671,0,588,147,0,-138,true,1
2672,0,588,147,0,-138,true,1
2673,0,588,147,0,-138,true,1
2674,0,588,147,0,-138,true,1
2675,0,588,147,0,-138,true,1
2676,0,588,147,0,-138,true,1
2677,0,588,147,0,-138,true,1
2678,0,588,147,0,-138,true,1
2679,0,588,147,0,-138,true,1
2680,0,588,147,0,-138,true,1
2681,0,588,147,0,-138,true,1
2682,0,588,147,0,-138,true,1
2683,0,588,147,0,-138,true,1
2684,0,588,147,0,-138,true,1
2685,0,588,147,0,-138,true,1
2686,0,588,147,0,-138,true,1
2687,0,588,147,0,-138,true,1
2688,0,588,147,0,-138,true,1
2689,0,588,147,0,-138,true,1
2690,0,588,147,0,-138,true,1
2691,0,588,147,0,-138,true,1
2692,0,588,147,0,-138,true,1
2693,0,588,147,0,-138,true,1
2694,0,588,147,0,-138,true,1
2695,0,588,147,0,-138,true,1
2696,0,588,147,0,-138,true,1
2697,0,588,147,0,-138,true,1
2698,0,588,147,0,-138,true,1
2699,0,588,147,0,-138,true,1
2700,0,588,147,0,-138,true,1
2701,0,588,147,0,-138,true,1
2702,0,588,147,0,-138,true,1
2703,0,588,147,0,-138,true,1
2704,0,588,147,0,-138,true,1
2705,0,588,147,0,-138,true,1
2706,0,588,147,0,-138,true,1
2707,0,588,147,0,-138,true,1
2708,0,588,147,0,-138,true,1
2709,0,588,147,0,-138,true,1
2710,0,588,147,0,-138,true,1
2711,0,588,147,0,-138,true,1
2712,0,588,147,0,-138,true,1
2713,0,588,147,0,-138,true,1
2714,0,588,147,0,-138,true,1
2715,0,588,147,0,-138,true,1
2716,0,588,147,0,-138,true,1
2717,0,588,147,0,-138,true,1
2718,0,588,147,0,-138,true,1
2719,0,588,147,0,-138,true,1
2720,0,588,147,0,-138,true,1
2721,0,588,147,0,-138,true,1
2722,0,588,147,0,-138,true,1
2723,0,588,147,0,-138,true,1
2724,0,588,147,0,-138,true,1
2725,0,588,147,0,-138,true,1
2726,0,588,147,0,-138,true,1
2727,0,588,147,0,-138,true,1
2728,0,588,147,0,-138,true,1
2729,0,588,147,0,-138,true,1
2730,0,588,147,0,-138,true,1
2731,0,588,147,0,-138,true,1
2732,0,588,147,0,-138,true,1
2733,0,588,147,0,-138,true,1
2734,0,588,147,0,-138,true,1
2735,0,588,147,0,-138,true,1
2736,0,588,147,0,-138,true,1
2737,0,588,147,0,-138,true,1
2738,0,588,147,0,-138,true,1
2739,0,588,147,0,-138,true,1
2740,0,588,147,0,-138,true,1
2741,0,588,147,0,-138,true,1
2742,0,588,147,0,-138,true,1
2743,0,588,147,0,-138,true,1
2744,0,588,147,0,-138,true,1
2745,0,588,147,0,-138,true,1
2746,0,588,147,0,-138,true,1
2747,0,588,147,0,-138,true,1
2748,0,588,147,0,-138,true,1
2749,0,588,147,0,-138,true,1
2750,0,588,147,0,-138,true,1
2751,0,588,147,0,-138,true,1
2752,0,588,147,0,-138,true,1
2753,0,588,147,0,-138,true,1
2754,0,588,147,0,-138,true,1
2755,0,588,147,0,-138,true,1
2756,0,588,147,0,-138,true,1
2757,0,588,147,0,-138,true,1
2758,0,588,147,0,-138,true,1
2759,0,588,147,0,-138,true,1
2760,0,588,147,0,-138,true,1
2761,0,588,147,0,-138,true,1
2762,0,588,147,0,-138,true,1
2763,0,588,147,0,-138,true,1
